var_value,predicted,std.error,conf.low,conf.high,term,tier,response,formula_id
-2,0.881299640843798,0.350829825810146,0.171953765876917,1.542596770501,berger_parker_plot,richness_dominance,forb_richness_plot,formula_1
-1.5,0.740681976103285,0.278606411179029,0.147565765505943,1.27205996561134,berger_parker_plot,richness_dominance,forb_richness_plot,formula_1
-1,0.593931717656705,0.21109970040102,0.116000741435781,1.0092534408446,berger_parker_plot,richness_dominance,forb_richness_plot,formula_1
-0.5,0.450813203397216,0.164647718680143,0.0575084233205228,0.793620592788106,berger_parker_plot,richness_dominance,forb_richness_plot,formula_1
0,0.306616703000057,0.15341129177569,-0.0607910853176727,0.65697062926496,berger_parker_plot,richness_dominance,forb_richness_plot,formula_1
0.5,0.155495311633177,0.192917384707072,-0.256710758048147,0.571007008519272,berger_parker_plot,richness_dominance,forb_richness_plot,formula_1
1,0.00957768614762589,0.252495399756569,-0.503574891129776,0.545598446629457,berger_parker_plot,richness_dominance,forb_richness_plot,formula_1
1.5,-0.138876981437472,0.31927860119909,-0.769787370482038,0.522332737551155,berger_parker_plot,richness_dominance,forb_richness_plot,formula_1
-2.5,0.316703012281506,0.545321754732062,-0.741321806295781,1.38861799522866,mean_point_height_plot,richness_dominance,forb_richness_plot,formula_1
-2,0.322581481961228,0.426484231477132,-0.509254103135202,1.18327897047258,mean_point_height_plot,richness_dominance,forb_richness_plot,formula_1
-1.5,0.335532448366791,0.314445343618694,-0.298391158123776,0.992758433065578,mean_point_height_plot,richness_dominance,forb_richness_plot,formula_1
-1,0.344985278118705,0.221613388252773,-0.125965456105437,0.82186978025743,mean_point_height_plot,richness_dominance,forb_richness_plot,formula_1
-0.5,0.360917977149601,0.156894012871588,-0.0183438932186912,0.711729940262514,mean_point_height_plot,richness_dominance,forb_richness_plot,formula_1
0,0.360567619421144,0.177733977932794,-0.053483153285905,0.74839043767116,mean_point_height_plot,richness_dominance,forb_richness_plot,formula_1
0.5,0.37232421370703,0.259285438743804,-0.20019501528536,0.913243876497838,mean_point_height_plot,richness_dominance,forb_richness_plot,formula_1
-0.6,0.428924938282164,0.260817236870921,-0.129706603243659,0.994929184944811,point_return_fraction_plot,richness_dominance,forb_richness_plot,formula_1
-0.5,0.412679297880822,0.229447123727599,-0.078493588809114,0.893884138313408,point_return_fraction_plot,richness_dominance,forb_richness_plot,formula_1
-0.4,0.397865909335155,0.198257675016424,-0.0324419165387403,0.822400827331097,point_return_fraction_plot,richness_dominance,forb_richness_plot,formula_1
-0.3,0.386048725296091,0.172149763079386,-0.012228005746138,0.76646202994788,point_return_fraction_plot,richness_dominance,forb_richness_plot,formula_1
-0.2,0.374456682455004,0.155025822202662,-0.00579465320428891,0.724225524118168,point_return_fraction_plot,richness_dominance,forb_richness_plot,formula_1
-0.1,0.358842469305001,0.151923756625884,-0.0113697446966584,0.698860701116498,point_return_fraction_plot,richness_dominance,forb_richness_plot,formula_1
0,0.344486861354458,0.162228472320273,-0.045537420622988,0.697793319444407,point_return_fraction_plot,richness_dominance,forb_richness_plot,formula_1
0.1,0.327917889952988,0.183259553103546,-0.116322513729012,0.707479674859901,point_return_fraction_plot,richness_dominance,forb_richness_plot,formula_1
0.2,0.313013225720845,0.212369184490575,-0.172379365682065,0.742899667641962,point_return_fraction_plot,richness_dominance,forb_richness_plot,formula_1
0.3,0.295107293530753,0.247817585025347,-0.250203023006454,0.791285794954729,point_return_fraction_plot,richness_dominance,forb_richness_plot,formula_1
0.4,0.278594289857409,0.285922779783166,-0.318376930245667,0.848808640795107,point_return_fraction_plot,richness_dominance,forb_richness_plot,formula_1
0.5,0.263971794031664,0.320729620326337,-0.398864902817476,0.910175267842761,point_return_fraction_plot,richness_dominance,forb_richness_plot,formula_1
-1,-0.483305693390433,0.271036730134898,-1.03229627097629,0.0711152661827598,plant_richness_plot,fun_div_dominance,functional_dispersion_plot,formula_2
-0.5,-0.213427897741339,0.215841250972338,-0.673889804454956,0.240037580830287,plant_richness_plot,fun_div_dominance,functional_dispersion_plot,formula_2
0,0.05257309331492,0.176276825686287,-0.362948308686875,0.448489890792022,plant_richness_plot,fun_div_dominance,functional_dispersion_plot,formula_2
0.5,0.318325051317249,0.170303625596575,-0.0968733979344725,0.718177529508172,plant_richness_plot,fun_div_dominance,functional_dispersion_plot,formula_2
1,0.578924315710529,0.211102436305737,0.124832886530494,1.04331705691973,plant_richness_plot,fun_div_dominance,functional_dispersion_plot,formula_2
1.5,0.849525909328639,0.269788641746111,0.293164956694893,1.40833976443175,plant_richness_plot,fun_div_dominance,functional_dispersion_plot,formula_2
2,1.11588927185583,0.33770508481381,0.427280650275399,1.81163815722915,plant_richness_plot,fun_div_dominance,functional_dispersion_plot,formula_2
-2,1.32579451071386,0.316182442245601,0.685959431334467,1.93574747608485,berger_parker_plot,fun_div_dominance,functional_dispersion_plot,formula_2
-1.5,1.00955053627522,0.256089559941143,0.481988198851915,1.521978911269,berger_parker_plot,fun_div_dominance,functional_dispersion_plot,formula_2
-1,0.698060492660889,0.210952672527472,0.2494238314458,1.14286757431123,berger_parker_plot,fun_div_dominance,functional_dispersion_plot,formula_2
-0.5,0.386711023842642,0.175174619169029,-0.0291263328198026,0.7818123890556,berger_parker_plot,fun_div_dominance,functional_dispersion_plot,formula_2
0,0.0737999294597992,0.170283154257443,-0.339891016402703,0.470592741571055,berger_parker_plot,fun_div_dominance,functional_dispersion_plot,formula_2
0.5,-0.235723664575427,0.205176909895871,-0.691070598656341,0.190795547277871,berger_parker_plot,fun_div_dominance,functional_dispersion_plot,formula_2
1,-0.547887379377505,0.25260794390874,-1.06936602159114,-0.0368014136174317,berger_parker_plot,fun_div_dominance,functional_dispersion_plot,formula_2
1.5,-0.860510350980071,0.308092792093426,-1.4833503485191,-0.257648331574898,berger_parker_plot,fun_div_dominance,functional_dispersion_plot,formula_2
-2.5,0.0183785633998105,0.383567658927356,-0.745738591071556,0.807241576698972,mean_point_height_plot,fun_div_dominance,functional_dispersion_plot,formula_2
-2,0.0618564985172471,0.308972949869238,-0.562395988294492,0.713481468719493,mean_point_height_plot,fun_div_dominance,functional_dispersion_plot,formula_2
-1.5,0.102133545598694,0.248048198922003,-0.413417958255056,0.632679547257601,mean_point_height_plot,fun_div_dominance,functional_dispersion_plot,formula_2
-1,0.144170387436708,0.197281494210403,-0.27855204732453,0.593186923086577,mean_point_height_plot,fun_div_dominance,functional_dispersion_plot,formula_2
-0.5,0.188743025302387,0.171221043004397,-0.227773231356921,0.573933899009198,mean_point_height_plot,fun_div_dominance,functional_dispersion_plot,formula_2
0,0.231754413238321,0.182828842942443,-0.18887736610567,0.638424208631393,mean_point_height_plot,fun_div_dominance,functional_dispersion_plot,formula_2
0.5,0.274727946701252,0.226751688805257,-0.218592839166427,0.757246717645081,mean_point_height_plot,fun_div_dominance,functional_dispersion_plot,formula_2
-0.8,-0.11009335818825,0.267272891476977,-0.666354300768838,0.438805251160454,point_return_fraction_plot,fun_div_dominance,functional_dispersion_plot,formula_2
-0.6,-0.0157270639634682,0.224205368448499,-0.496596748440883,0.457948230129725,point_return_fraction_plot,fun_div_dominance,functional_dispersion_plot,formula_2
-0.4,0.07526087164218,0.192550886861067,-0.362183803190186,0.491821419402113,point_return_fraction_plot,fun_div_dominance,functional_dispersion_plot,formula_2
-0.2,0.167049510193846,0.170899904203989,-0.243199825142799,0.559612438601191,point_return_fraction_plot,fun_div_dominance,functional_dispersion_plot,formula_2
0,0.2557279911819,0.172873547117956,-0.159562557916201,0.656334435984137,point_return_fraction_plot,fun_div_dominance,functional_dispersion_plot,formula_2
0.2,0.348407339951491,0.194305942140868,-0.091279570775915,0.77922265233384,point_return_fraction_plot,fun_div_dominance,functional_dispersion_plot,formula_2
0.4,0.441939777772133,0.229194386036318,-0.0384815200045131,0.916462208732307,point_return_fraction_plot,fun_div_dominance,functional_dispersion_plot,formula_2
-1,-0.15057278122703,0.0823813224128056,-0.322715510613917,0.018971532019565,plant_richness_plot,fun_div_dominance,functional_diversity_plot,formula_3
-0.5,-0.0373571983183944,0.067852963872775,-0.181080817022435,0.107087258974573,plant_richness_plot,fun_div_dominance,functional_diversity_plot,formula_3
0,0.07559232599566,0.0597655322202037,-0.0513977358964748,0.211854634833335,plant_richness_plot,fun_div_dominance,functional_diversity_plot,formula_3
0.5,0.189556618025202,0.0600629877896432,0.0653283758942128,0.33021803203662,plant_richness_plot,fun_div_dominance,functional_diversity_plot,formula_3
1,0.302347691726838,0.0666076898711177,0.172418956279314,0.456800366425603,plant_richness_plot,fun_div_dominance,functional_diversity_plot,formula_3
1.5,0.415326869011572,0.0821052393562059,0.263917592016831,0.592909413404934,plant_richness_plot,fun_div_dominance,functional_diversity_plot,formula_3
2,0.529889753233797,0.100404625331937,0.343073023643007,0.734505724024116,plant_richness_plot,fun_div_dominance,functional_diversity_plot,formula_3
2.5,0.644517348708571,0.117639006055503,0.423171117541783,0.879605617470701,plant_richness_plot,fun_div_dominance,functional_diversity_plot,formula_3
-2,0.843905326619688,0.101965762590986,0.642920719617528,1.04288193685385,berger_parker_plot,fun_div_dominance,functional_diversity_plot,formula_3
-1.5,0.650119083105223,0.0849052762871553,0.481898259276427,0.819464178836352,berger_parker_plot,fun_div_dominance,functional_diversity_plot,formula_3
-1,0.45719779928132,0.0702584490499046,0.31601737410777,0.601424554569034,berger_parker_plot,fun_div_dominance,functional_diversity_plot,formula_3
-0.5,0.263689516486278,0.0606012580299359,0.136759447148537,0.402664147049975,berger_parker_plot,fun_div_dominance,functional_diversity_plot,formula_3
0,0.0710389549850706,0.0600551766612524,-0.0528712103636879,0.209382524645874,berger_parker_plot,fun_div_dominance,functional_diversity_plot,formula_3
0.5,-0.122474375648935,0.0684516899581118,-0.25568981393372,0.0291990091436702,berger_parker_plot,fun_div_dominance,functional_diversity_plot,formula_3
1,-0.316464645674822,0.083611681200314,-0.472906099492326,-0.140948418736742,berger_parker_plot,fun_div_dominance,functional_diversity_plot,formula_3
1.5,-0.508401682165914,0.100877598372798,-0.694346175377866,-0.30065565784143,berger_parker_plot,fun_div_dominance,functional_diversity_plot,formula_3
-2.5,0.0319427597835736,0.128458064466909,-0.226475759940759,0.290139290581395,mean_point_height_plot,fun_div_dominance,functional_diversity_plot,formula_3
-2,0.0592167099982859,0.10454043255587,-0.154631868714943,0.277328681652488,mean_point_height_plot,fun_div_dominance,functional_diversity_plot,formula_3
-1.5,0.088801765177774,0.0855137768725543,-0.0809219769674508,0.266841554584742,mean_point_height_plot,fun_div_dominance,functional_diversity_plot,formula_3
-1,0.116284242860275,0.070489111165241,-0.0244893830283381,0.268398651600794,mean_point_height_plot,fun_div_dominance,functional_diversity_plot,formula_3
-0.5,0.144177455208822,0.0600459430405165,0.0196761325970453,0.283593605304115,mean_point_height_plot,fun_div_dominance,functional_diversity_plot,formula_3
0,0.173843806051383,0.0632211721293332,0.0455697496694663,0.311225506229667,mean_point_height_plot,fun_div_dominance,functional_diversity_plot,formula_3
0.5,0.202563478723618,0.0788230187909745,0.0499968455031562,0.35499237013922,mean_point_height_plot,fun_div_dominance,functional_diversity_plot,formula_3
-0.8,0.0896624446888407,0.0879933409571664,-0.0895094763451738,0.272567125274213,point_return_fraction_plot,fun_div_dominance,functional_diversity_plot,formula_3
-0.6,0.107468378320723,0.073773905832353,-0.0457239345420753,0.262392506978483,point_return_fraction_plot,fun_div_dominance,functional_diversity_plot,formula_3
-0.4,0.125261469565954,0.0645250128080445,-0.0103653228415041,0.2678230899911,point_return_fraction_plot,fun_div_dominance,functional_diversity_plot,formula_3
-0.2,0.144012621528449,0.0591932172676691,0.0186132110487745,0.281936434323651,point_return_fraction_plot,fun_div_dominance,functional_diversity_plot,formula_3
0,0.160897597600168,0.0610204279378787,0.0382138393770205,0.303326744225735,point_return_fraction_plot,fun_div_dominance,functional_diversity_plot,formula_3
0.2,0.177658088746945,0.0703334337030539,0.0429974484150955,0.331322050759656,point_return_fraction_plot,fun_div_dominance,functional_diversity_plot,formula_3
0.4,0.195878787485105,0.0804697353192068,0.0408706446781249,0.370698049235534,point_return_fraction_plot,fun_div_dominance,functional_diversity_plot,formula_3
-1,0.383475987541324,0.273475092254234,-0.167697743998285,0.927504682132673,plant_richness_plot,fun_div_dominance,functional_nearerst_neighbour_distance_plot,formula_4
-0.5,0.0808457048506446,0.196041383182362,-0.3282510664454,0.47150375662318,plant_richness_plot,fun_div_dominance,functional_nearerst_neighbour_distance_plot,formula_4
0,-0.228689591558142,0.137983211797865,-0.520696911684028,0.0853095501388122,plant_richness_plot,fun_div_dominance,functional_nearerst_neighbour_distance_plot,formula_4
0.5,-0.533930073260821,0.136599129138502,-0.819244589097843,-0.219493055435109,plant_richness_plot,fun_div_dominance,functional_nearerst_neighbour_distance_plot,formula_4
1,-0.832136792091485,0.193674713300553,-1.24279900560704,-0.438326630808727,plant_richness_plot,fun_div_dominance,functional_nearerst_neighbour_distance_plot,formula_4
1.5,-1.13428557680491,0.271353626744699,-1.70830721628004,-0.597955758480206,plant_richness_plot,fun_div_dominance,functional_nearerst_neighbour_distance_plot,formula_4
2,-1.43604389707674,0.358370063674216,-2.17412123503364,-0.741183912099252,plant_richness_plot,fun_div_dominance,functional_nearerst_neighbour_distance_plot,formula_4
-2,-0.671113951129075,0.341244912396239,-1.34408835508938,-0.00528617877474793,berger_parker_plot,fun_div_dominance,functional_nearerst_neighbour_distance_plot,formula_4
-1.5,-0.59474685697814,0.264338218192616,-1.11980659887931,-0.0681439011596007,berger_parker_plot,fun_div_dominance,functional_nearerst_neighbour_distance_plot,formula_4
-1,-0.512128891206797,0.192698739122558,-0.901539663951704,-0.124048494775361,berger_parker_plot,fun_div_dominance,functional_nearerst_neighbour_distance_plot,formula_4
-0.5,-0.436858509129935,0.139754532442773,-0.725457815881129,-0.136857326348256,berger_parker_plot,fun_div_dominance,functional_nearerst_neighbour_distance_plot,formula_4
0,-0.365667245346519,0.132980138565192,-0.633183621710453,-0.0493621531605496,berger_parker_plot,fun_div_dominance,functional_nearerst_neighbour_distance_plot,formula_4
0.5,-0.288758253790362,0.18254297269812,-0.634407466663628,0.100600284350446,berger_parker_plot,fun_div_dominance,functional_nearerst_neighbour_distance_plot,formula_4
1,-0.209169593396036,0.251205588582228,-0.697422137794644,0.313311325074451,berger_parker_plot,fun_div_dominance,functional_nearerst_neighbour_distance_plot,formula_4
1.5,-0.130672346194076,0.327338883958182,-0.763452044256788,0.529369488857429,berger_parker_plot,fun_div_dominance,functional_nearerst_neighbour_distance_plot,formula_4
-2.5,-1.07325191839671,0.437249063974441,-1.91004376880054,-0.189134381922957,mean_point_height_plot,fun_div_dominance,functional_nearerst_neighbour_distance_plot,formula_4
-2,-0.909953844146172,0.344024404114921,-1.57547535221009,-0.195370218076783,mean_point_height_plot,fun_div_dominance,functional_nearerst_neighbour_distance_plot,formula_4
-1.5,-0.750394930635209,0.25935518751459,-1.24578305026607,-0.203628093154406,mean_point_height_plot,fun_div_dominance,functional_nearerst_neighbour_distance_plot,formula_4
-1,-0.585349088800472,0.181979977487238,-0.945328134887293,-0.200928480038653,mean_point_height_plot,fun_div_dominance,functional_nearerst_neighbour_distance_plot,formula_4
-0.5,-0.425275565980677,0.131978316649768,-0.692738585190157,-0.122924755999105,mean_point_height_plot,fun_div_dominance,functional_nearerst_neighbour_distance_plot,formula_4
0,-0.264258841857283,0.15333014028822,-0.574293692522153,0.0656394261090648,mean_point_height_plot,fun_div_dominance,functional_nearerst_neighbour_distance_plot,formula_4
0.5,-0.104549458139218,0.222028010828447,-0.549175240335138,0.356337967260738,mean_point_height_plot,fun_div_dominance,functional_nearerst_neighbour_distance_plot,formula_4
-0.8,-0.119553769526545,0.286796390248793,-0.690739379934546,0.443922404570037,point_return_fraction_plot,fun_div_dominance,functional_nearerst_neighbour_distance_plot,formula_4
-0.6,-0.201801675689504,0.223293637312215,-0.646816596501075,0.235753273494863,point_return_fraction_plot,fun_div_dominance,functional_nearerst_neighbour_distance_plot,formula_4
-0.4,-0.281765212486295,0.164471306243895,-0.62315013273803,0.0579038261369729,point_return_fraction_plot,fun_div_dominance,functional_nearerst_neighbour_distance_plot,formula_4
-0.2,-0.367998056104765,0.132070276507178,-0.642012735046909,-0.0747951082353306,point_return_fraction_plot,fun_div_dominance,functional_nearerst_neighbour_distance_plot,formula_4
0,-0.448762047510596,0.139768679340456,-0.730418012374709,-0.124580165233775,point_return_fraction_plot,fun_div_dominance,functional_nearerst_neighbour_distance_plot,formula_4
0.2,-0.530003906566931,0.1828662109014,-0.892423360532824,-0.133461690721416,point_return_fraction_plot,fun_div_dominance,functional_nearerst_neighbour_distance_plot,formula_4
0.4,-0.608577183163744,0.240240739908245,-1.09237116905278,-0.106505013381516,point_return_fraction_plot,fun_div_dominance,functional_nearerst_neighbour_distance_plot,formula_4
-1,-0.557681458304917,0.0782668324305326,-0.715248894754967,-0.402017291568992,plant_richness_plot,fun_div_dominance,functional_richness_plot,formula_5
-0.5,-0.324280500305766,0.0619903067352758,-0.458473395319584,-0.190007908132431,plant_richness_plot,fun_div_dominance,functional_richness_plot,formula_5
0,-0.0921243249016434,0.0515731207782548,-0.206771244510273,0.0265049155664592,plant_richness_plot,fun_div_dominance,functional_richness_plot,formula_5
0.5,0.141711407923381,0.0496569843420468,0.030964116356674,0.262405366302309,plant_richness_plot,fun_div_dominance,functional_richness_plot,formula_5
1,0.375058166919708,0.0600888341381162,0.247216332152007,0.514782048612487,plant_richness_plot,fun_div_dominance,functional_richness_plot,formula_5
1.5,0.607785801585368,0.0762503127430749,0.460253100156065,0.775575472932721,plant_richness_plot,fun_div_dominance,functional_richness_plot,formula_5
2,0.842182915883828,0.0952536524328787,0.660306647921594,1.04015448205874,plant_richness_plot,fun_div_dominance,functional_richness_plot,formula_5
2.5,1.07598709231151,0.116446355866449,0.857948163740743,1.31243636458787,plant_richness_plot,fun_div_dominance,functional_richness_plot,formula_5
-2,-0.305769722180501,0.102840581917814,-0.508540375072854,-0.0998829111379869,berger_parker_plot,fun_div_dominance,functional_richness_plot,formula_5
-1.5,-0.203585188534499,0.0817366521145174,-0.3698910499926,-0.036182054907981,berger_parker_plot,fun_div_dominance,functional_richness_plot,formula_5
-1,-0.10208799763596,0.0660648969534334,-0.233600374026837,0.0390244586344175,berger_parker_plot,fun_div_dominance,functional_richness_plot,formula_5
-0.5,-0.000635516715437497,0.0526054218524004,-0.113417622915189,0.121720137621241,berger_parker_plot,fun_div_dominance,functional_richness_plot,formula_5
0,0.101835507633655,0.049106343049916,-0.00907331347124885,0.218673977973969,berger_parker_plot,fun_div_dominance,functional_richness_plot,formula_5
0.5,0.203917541628166,0.0607959923894469,0.0733939988378072,0.33564486069296,berger_parker_plot,fun_div_dominance,functional_richness_plot,formula_5
1,0.304592086601239,0.0772292523502224,0.143567393895364,0.463461975919311,berger_parker_plot,fun_div_dominance,functional_richness_plot,formula_5
1.5,0.405959449731392,0.0961338309589256,0.207882939115909,0.601551356967074,berger_parker_plot,fun_div_dominance,functional_richness_plot,formula_5
-2.5,-0.275337429750307,0.133065296016158,-0.547888186736652,0.00535035505630387,mean_point_height_plot,fun_div_dominance,functional_richness_plot,formula_5
-2,-0.197044219421882,0.107629778896394,-0.41335049494665,0.0318507756721767,mean_point_height_plot,fun_div_dominance,functional_richness_plot,formula_5
-1.5,-0.117657379142929,0.0821365004673768,-0.282965064365486,0.0603056713805968,mean_point_height_plot,fun_div_dominance,functional_richness_plot,formula_5
-1,-0.0374137175123279,0.0624439386569453,-0.158397450538061,0.102186925946098,mean_point_height_plot,fun_div_dominance,functional_richness_plot,formula_5
-0.5,0.0427268694189548,0.0494485233356645,-0.0655414832045722,0.162595809283387,mean_point_height_plot,fun_div_dominance,functional_richness_plot,formula_5
0,0.124913512357172,0.0542045659852555,0.00468602038607435,0.244184809524665,mean_point_height_plot,fun_div_dominance,functional_richness_plot,formula_5
0.5,0.205319002617037,0.0725420926057883,0.0521875388172445,0.353265394299657,mean_point_height_plot,fun_div_dominance,functional_richness_plot,formula_5
-0.8,0.165101497555959,0.086299491611635,-0.0121903756093417,0.344029524322695,point_return_fraction_plot,fun_div_dominance,functional_richness_plot,formula_5
-0.6,0.134795307678055,0.0690873545694791,-0.0117256325523908,0.288718800999234,point_return_fraction_plot,fun_div_dominance,functional_richness_plot,formula_5
-0.4,0.10369191506663,0.0567886943891294,-0.0188502874869338,0.233330863482363,point_return_fraction_plot,fun_div_dominance,functional_richness_plot,formula_5
-0.2,0.0717466630541629,0.0497858920689524,-0.038684064687108,0.189563373258085,point_return_fraction_plot,fun_div_dominance,functional_richness_plot,formula_5
0,0.0403814215813522,0.050167225833262,-0.0724939251509767,0.162615221695355,point_return_fraction_plot,fun_div_dominance,functional_richness_plot,formula_5
0.2,0.00866068056649592,0.0596507254079418,-0.120348011231081,0.14780163285962,point_return_fraction_plot,fun_div_dominance,functional_richness_plot,formula_5
0.4,-0.0210263244149127,0.0733205415216595,-0.179859780774796,0.140318247832468,point_return_fraction_plot,fun_div_dominance,functional_richness_plot,formula_5
-2,1.46120334539474,0.226720586757553,1.00660781613716,1.93901042634677,berger_parker_plot,richness_dominance,graminoid_richness_plot,formula_6
-1.5,1.13468229828609,0.181087445505514,0.765640283661865,1.5116638597593,berger_parker_plot,richness_dominance,graminoid_richness_plot,formula_6
-1,0.803823578204721,0.143927169148135,0.497479832659206,1.10653294349152,berger_parker_plot,richness_dominance,graminoid_richness_plot,formula_6
-0.5,0.47765761665686,0.113588531823622,0.204731450821337,0.738607786340936,berger_parker_plot,richness_dominance,graminoid_richness_plot,formula_6
0,0.149019432307086,0.109768944848076,-0.128321308937307,0.400502015053875,berger_parker_plot,richness_dominance,graminoid_richness_plot,formula_6
0.5,-0.182272474489237,0.134313387139101,-0.512052159767158,0.111402048487127,berger_parker_plot,richness_dominance,graminoid_richness_plot,formula_6
1,-0.513972948130213,0.174346691929462,-0.918251573344506,-0.149080760258348,berger_parker_plot,richness_dominance,graminoid_richness_plot,formula_6
1.5,-0.843383422506698,0.218675618606084,-1.34286357045331,-0.386141144466213,berger_parker_plot,richness_dominance,graminoid_richness_plot,formula_6
-2.5,0.605543702485164,0.324380411865331,-0.0394704665910447,1.21386352522541,mean_point_height_plot,richness_dominance,graminoid_richness_plot,formula_6
-2,0.534130405963669,0.258582732592727,0.0136303455823765,1.01779864404978,mean_point_height_plot,richness_dominance,graminoid_richness_plot,formula_6
-1.5,0.461535426989678,0.193987348305327,0.0474622595134439,0.839634608678899,mean_point_height_plot,richness_dominance,graminoid_richness_plot,formula_6
-1,0.389001267079723,0.136707483893169,0.0594604301634613,0.668521143183738,mean_point_height_plot,richness_dominance,graminoid_richness_plot,formula_6
-0.5,0.316927849377202,0.107630402176947,0.0453587948590514,0.56588449183849,mean_point_height_plot,richness_dominance,graminoid_richness_plot,formula_6
0,0.243530821870956,0.125915162053699,-0.0460860074647189,0.519064134525293,mean_point_height_plot,richness_dominance,graminoid_richness_plot,formula_6
0.5,0.167725365454732,0.175637152077893,-0.179071242106453,0.519433287213966,mean_point_height_plot,richness_dominance,graminoid_richness_plot,formula_6
-0.7,0.520969003764892,0.19733592753542,0.125346159874758,0.90258858801994,point_return_fraction_plot,richness_dominance,graminoid_richness_plot,formula_6
-0.6,0.484746452294984,0.174586406129465,0.130596239597518,0.830730911759824,point_return_fraction_plot,richness_dominance,graminoid_richness_plot,formula_6
-0.5,0.449655548032994,0.151991747230991,0.131464632832279,0.771832750337876,point_return_fraction_plot,richness_dominance,graminoid_richness_plot,formula_6
-0.4,0.416089370470042,0.132996059796939,0.116945868544083,0.708439270226173,point_return_fraction_plot,richness_dominance,graminoid_richness_plot,formula_6
-0.3,0.37950688654655,0.118135761626555,0.0916389694952406,0.643494873283601,point_return_fraction_plot,richness_dominance,graminoid_richness_plot,formula_6
-0.2,0.343468074426397,0.109621937188041,0.0731778151569812,0.595224350485038,point_return_fraction_plot,richness_dominance,graminoid_richness_plot,formula_6
-0.1,0.306483153875925,0.108221439686131,0.0375234489296308,0.554212594605019,point_return_fraction_plot,richness_dominance,graminoid_richness_plot,formula_6
0,0.271616837220931,0.112317123802808,-0.00490372024628642,0.528824621073515,point_return_fraction_plot,richness_dominance,graminoid_richness_plot,formula_6
0.1,0.235703497048328,0.122557237739254,-0.0687204771164758,0.509078303963932,point_return_fraction_plot,richness_dominance,graminoid_richness_plot,formula_6
0.2,0.198976219759898,0.140261820033208,-0.133914359018379,0.495240212508159,point_return_fraction_plot,richness_dominance,graminoid_richness_plot,formula_6
0.3,0.160958798890117,0.15948199522925,-0.200114363312471,0.496649308781806,point_return_fraction_plot,richness_dominance,graminoid_richness_plot,formula_6
0.4,0.125100938439995,0.18270602653095,-0.271771514053747,0.500553406711685,point_return_fraction_plot,richness_dominance,graminoid_richness_plot,formula_6
-2,1.11125992929726,0.20647508851619,0.685941906586194,1.49699626036934,berger_parker_plot,richness_dominance,plant_richness_plot,formula_7
-1.5,0.88085402888149,0.167679760914723,0.52092495000925,1.19294321230075,berger_parker_plot,richness_dominance,plant_richness_plot,formula_7
-1,0.652906269996365,0.133685626395115,0.352919633169619,0.909450859487192,berger_parker_plot,richness_dominance,plant_richness_plot,formula_7
-0.5,0.425309651431771,0.112208401637576,0.159701341398667,0.646419033362678,berger_parker_plot,richness_dominance,plant_richness_plot,formula_7
0,0.196387505098992,0.106201844441223,-0.0630186216156835,0.407641464792912,berger_parker_plot,richness_dominance,plant_richness_plot,formula_7
0.5,-0.0361927158616356,0.126095288008719,-0.322692346037984,0.209270887873332,berger_parker_plot,richness_dominance,plant_richness_plot,formula_7
1,-0.26599003112494,0.15717994172803,-0.605453992275637,0.0376740988763695,berger_parker_plot,richness_dominance,plant_richness_plot,formula_7
1.5,-0.497262182823628,0.197431559506832,-0.903865684515702,-0.123149005058919,berger_parker_plot,richness_dominance,plant_richness_plot,formula_7
-2.5,0.451773981568281,0.288653745247456,-0.118715744534995,0.980624967942943,mean_point_height_plot,richness_dominance,plant_richness_plot,formula_7
-2,0.414745120904167,0.234762804135734,-0.0553695359397473,0.838782212408072,mean_point_height_plot,richness_dominance,plant_richness_plot,formula_7
-1.5,0.374413244768591,0.17918501458488,0.003863438657314,0.70880760336689,mean_point_height_plot,richness_dominance,plant_richness_plot,formula_7
-1,0.332660799037684,0.132053612353962,0.0413315767817001,0.595186501188131,mean_point_height_plot,richness_dominance,plant_richness_plot,formula_7
-0.5,0.296395764642051,0.107656058770101,0.0383455099593899,0.511631838911057,mean_point_height_plot,richness_dominance,plant_richness_plot,formula_7
0,0.25824872777316,0.112832301570403,-0.0147950729831066,0.485032547051723,mean_point_height_plot,richness_dominance,plant_richness_plot,formula_7
0.5,0.218432268615777,0.152261236270772,-0.110776907892627,0.514739835209466,mean_point_height_plot,richness_dominance,plant_richness_plot,formula_7
-0.8,0.322117630624857,0.18267006423174,-0.056264130694368,0.686614066271885,point_return_fraction_plot,richness_dominance,plant_richness_plot,formula_7
-0.6,0.311336072049008,0.149808302442992,-0.00916245660666034,0.596819547656635,point_return_fraction_plot,richness_dominance,plant_richness_plot,formula_7
-0.4,0.301360710182767,0.121400225683198,0.0193012680811322,0.544316624229683,point_return_fraction_plot,richness_dominance,plant_richness_plot,formula_7
-0.2,0.293722609803342,0.105958173334451,0.0354684487640883,0.505108694216849,point_return_fraction_plot,richness_dominance,plant_richness_plot,formula_7
0,0.282437788422081,0.111500875793264,0.0174277530683415,0.494156228044555,point_return_fraction_plot,richness_dominance,plant_richness_plot,formula_7
0.2,0.270528177094843,0.134918619494691,-0.0263915176135295,0.526164349131352,point_return_fraction_plot,richness_dominance,plant_richness_plot,formula_7
0.4,0.256775136002865,0.162979477309914,-0.0950726916427172,0.574296426331557,point_return_fraction_plot,richness_dominance,plant_richness_plot,formula_7
-2,2.28357531972117,0.234664085263886,1.8343797237328,2.74479050164848,berger_parker_plot,richness_dominance,shannon_diversity_plot,formula_8
-1.5,1.75260461272354,0.189825019894159,1.38367427036616,2.12329924675721,berger_parker_plot,richness_dominance,shannon_diversity_plot,formula_8
-1,1.22240510389406,0.151104905173258,0.9195868005098,1.52136990785286,berger_parker_plot,richness_dominance,shannon_diversity_plot,formula_8
-0.5,0.693743162284629,0.123000713407213,0.42869889347736,0.952862890531701,berger_parker_plot,richness_dominance,shannon_diversity_plot,formula_8
0,0.160316524038285,0.118252319512669,-0.111527241388155,0.411648656623654,berger_parker_plot,richness_dominance,shannon_diversity_plot,formula_8
0.5,-0.375016598707722,0.139363087797804,-0.681608148921212,-0.0855150560867349,berger_parker_plot,richness_dominance,shannon_diversity_plot,formula_8
1,-0.905861909602836,0.176309188761613,-1.27123225163307,-0.548016791143409,berger_parker_plot,richness_dominance,shannon_diversity_plot,formula_8
1.5,-1.43316205657539,0.221455935608794,-1.8798526093959,-1.00432827667316,berger_parker_plot,richness_dominance,shannon_diversity_plot,formula_8
-2.5,0.965003694002393,0.321848762846869,0.311762786023748,1.57377138006315,mean_point_height_plot,richness_dominance,shannon_diversity_plot,formula_8
-2,0.823365308950898,0.261384737885354,0.301542038718629,1.31341451234288,mean_point_height_plot,richness_dominance,shannon_diversity_plot,formula_8
-1.5,0.681798872589487,0.203288530634706,0.271479076087409,1.06132744345064,mean_point_height_plot,richness_dominance,shannon_diversity_plot,formula_8
-1,0.540071459365348,0.153806890037355,0.228990422318915,0.836353294623849,mean_point_height_plot,richness_dominance,shannon_diversity_plot,formula_8
-0.5,0.398466515399951,0.118860951695767,0.133742644798869,0.650922525147674,mean_point_height_plot,richness_dominance,shannon_diversity_plot,formula_8
0,0.257209757750039,0.130079849629939,-0.0342295490226285,0.514953869601539,mean_point_height_plot,richness_dominance,shannon_diversity_plot,formula_8
0.5,0.115164793255841,0.172607250996118,-0.261551424748205,0.440589558657114,mean_point_height_plot,richness_dominance,shannon_diversity_plot,formula_8
-0.8,0.128062788665062,0.204522099089458,-0.288669759306178,0.538989866189688,point_return_fraction_plot,richness_dominance,shannon_diversity_plot,formula_8
-0.6,0.19766721264991,0.165011338978737,-0.14689353275305,0.53336420699011,point_return_fraction_plot,richness_dominance,shannon_diversity_plot,formula_8
-0.4,0.272747781869859,0.134764153579319,-0.029392996261184,0.54841604544303,point_return_fraction_plot,richness_dominance,shannon_diversity_plot,formula_8
-0.2,0.34597097293766,0.118934239565552,0.0772726899289553,0.596513598172696,point_return_fraction_plot,richness_dominance,shannon_diversity_plot,formula_8
0,0.417204257022328,0.125453233784201,0.146891039948901,0.676332019645719,point_return_fraction_plot,richness_dominance,shannon_diversity_plot,formula_8
0.2,0.48908638836247,0.152346255902291,0.178310241304463,0.795855980289673,point_return_fraction_plot,richness_dominance,shannon_diversity_plot,formula_8
0.4,0.561306379210826,0.186493156695078,0.183817411119892,0.931722721040023,point_return_fraction_plot,richness_dominance,shannon_diversity_plot,formula_8
-2,0.362873940996205,0.223202350204881,-0.088784071428643,0.806211112893001,berger_parker_plot,richness_dominance,woody_richness_plot,formula_9
-1.5,0.226267985256342,0.178184532189711,-0.136335155900956,0.589842667977336,berger_parker_plot,richness_dominance,woody_richness_plot,formula_9
-1,0.0916246842901248,0.135005824021549,-0.193284053407174,0.376600261715508,berger_parker_plot,richness_dominance,woody_richness_plot,formula_9
-0.5,-0.0426495391389204,0.1046650743451,-0.278695964273074,0.189443352533434,berger_parker_plot,richness_dominance,woody_richness_plot,formula_9
0,-0.176023659695823,0.102590737061369,-0.412892543268818,0.0472857760764766,berger_parker_plot,richness_dominance,woody_richness_plot,formula_9
0.5,-0.311481319179959,0.129647536489805,-0.594281219809945,-0.0417112370459531,berger_parker_plot,richness_dominance,woody_richness_plot,formula_9
1,-0.448304355521524,0.168642701756237,-0.802193955174564,-0.105024747370338,berger_parker_plot,richness_dominance,woody_richness_plot,formula_9
1.5,-0.583660814842161,0.215512267319673,-1.01292913059577,-0.152017464936693,berger_parker_plot,richness_dominance,woody_richness_plot,formula_9
-2.5,-0.77672403052838,0.317652644162075,-1.40622646694013,-0.122399781737547,mean_point_height_plot,richness_dominance,woody_richness_plot,formula_9
-2,-0.623242326092219,0.250958706135897,-1.12747319737445,-0.0986152833190632,mean_point_height_plot,richness_dominance,woody_richness_plot,formula_9
-1.5,-0.468394452212521,0.190550070313441,-0.854342659690517,-0.0675249247406672,mean_point_height_plot,richness_dominance,woody_richness_plot,formula_9
-1,-0.310731652723705,0.134540746549223,-0.593044850164456,-0.0174760060859479,mean_point_height_plot,richness_dominance,woody_richness_plot,formula_9
-0.5,-0.157934892114264,0.101125759267141,-0.384961181328761,0.0731175361428016,mean_point_height_plot,richness_dominance,woody_richness_plot,formula_9
0,0.00035588051733804,0.117846916408343,-0.261367246225941,0.242350211815489,mean_point_height_plot,richness_dominance,woody_richness_plot,formula_9
0.5,0.153477501795594,0.16629836217212,-0.203386356367877,0.489714562313808,mean_point_height_plot,richness_dominance,woody_richness_plot,formula_9
-0.7,-0.031188795711609,0.176777478573019,-0.400363443284845,0.312744773653625,point_return_fraction_plot,richness_dominance,woody_richness_plot,formula_9
-0.6,-0.0477492159508539,0.157342440935093,-0.382863170929715,0.259615754653177,point_return_fraction_plot,richness_dominance,woody_richness_plot,formula_9
-0.5,-0.0632313244123277,0.141052258720851,-0.359338172636408,0.210519547601706,point_return_fraction_plot,richness_dominance,woody_richness_plot,formula_9
-0.4,-0.0814485726383541,0.122903186379286,-0.345462830460877,0.167835235962923,point_return_fraction_plot,richness_dominance,woody_richness_plot,formula_9
-0.3,-0.0991097795877605,0.110681555510002,-0.34458660200471,0.132098956248777,point_return_fraction_plot,richness_dominance,woody_richness_plot,formula_9
-0.2,-0.114061736985757,0.103798347803042,-0.349763995224248,0.108768078316008,point_return_fraction_plot,richness_dominance,woody_richness_plot,formula_9
-0.1,-0.131393517380211,0.101860492327292,-0.359360008186681,0.0949058026304969,point_return_fraction_plot,richness_dominance,woody_richness_plot,formula_9
0,-0.148340649615003,0.106799202658422,-0.387005320648213,0.0912470020142763,point_return_fraction_plot,richness_dominance,woody_richness_plot,formula_9
0.1,-0.165036890163872,0.117665931606059,-0.429751305978039,0.091401077093461,point_return_fraction_plot,richness_dominance,woody_richness_plot,formula_9
0.2,-0.179513845542385,0.131485113513385,-0.470708548295614,0.107460672916048,point_return_fraction_plot,richness_dominance,woody_richness_plot,formula_9
0.3,-0.195806756616748,0.149903601380855,-0.517892872018832,0.129819859369285,point_return_fraction_plot,richness_dominance,woody_richness_plot,formula_9
0.4,-0.211046582790655,0.168943045213032,-0.57526898610592,0.153794517861334,point_return_fraction_plot,richness_dominance,woody_richness_plot,formula_9
-1.5,0.261443881112037,0.308201144877427,-0.350231358353195,0.879901193381899,plant_evenness_plot,richness_evenness,forb_richness_plot,formula_10
-1,0.292503260201007,0.245949970157895,-0.206739662885191,0.804009620883169,plant_evenness_plot,richness_evenness,forb_richness_plot,formula_10
-0.5,0.322919537494353,0.195386903726902,-0.0888979683474564,0.762707974337471,plant_evenness_plot,richness_evenness,forb_richness_plot,formula_10
0,0.355164525403375,0.160091131384214,-0.0202455519929775,0.752801171293963,plant_evenness_plot,richness_evenness,forb_richness_plot,formula_10
0.5,0.38650031813793,0.161927778746818,0.014622829391345,0.793817487088059,plant_evenness_plot,richness_evenness,forb_richness_plot,formula_10
1,0.41828121480038,0.203090844296838,-0.013547874029499,0.887973757021768,plant_evenness_plot,richness_evenness,forb_richness_plot,formula_10
1.5,0.452488452826076,0.258451460322609,-0.0646763354483305,1.02141992678209,plant_evenness_plot,richness_evenness,forb_richness_plot,formula_10
2,0.483617312232181,0.322476179446913,-0.136974080559746,1.17356558439868,plant_evenness_plot,richness_evenness,forb_richness_plot,formula_10
-2.5,0.414379601335011,0.564871710718802,-0.720097122369781,1.55376658810274,mean_point_height_plot,richness_evenness,forb_richness_plot,formula_10
-2,0.400714136794847,0.447963499209192,-0.492460216485714,1.29892301249657,mean_point_height_plot,richness_evenness,forb_richness_plot,formula_10
-1.5,0.389814445470645,0.330789748539719,-0.282617885212757,1.08904937752398,mean_point_height_plot,richness_evenness,forb_richness_plot,formula_10
-1,0.379567697971668,0.231342799366792,-0.104889742462998,0.899946802187903,mean_point_height_plot,richness_evenness,forb_richness_plot,formula_10
-0.5,0.371397891619611,0.15936308820703,-0.0175451349173139,0.77086735106054,mean_point_height_plot,richness_evenness,forb_richness_plot,formula_10
0,0.3579079379312,0.185242556482595,-0.0366645434988362,0.807212059350271,mean_point_height_plot,richness_evenness,forb_richness_plot,formula_10
0.5,0.346965450849484,0.270465799695425,-0.193102493167106,0.926107773568894,mean_point_height_plot,richness_evenness,forb_richness_plot,formula_10
-0.6,0.410513640524545,0.285303146474673,-0.130802688849722,1.02553043224592,point_return_fraction_plot,richness_evenness,forb_richness_plot,formula_10
-0.5,0.400262190013694,0.244352509955697,-0.0755922804346975,0.948108589449201,point_return_fraction_plot,richness_evenness,forb_richness_plot,formula_10
-0.4,0.390228047140635,0.211764760713358,-0.0348837202956447,0.883210785401298,point_return_fraction_plot,richness_evenness,forb_richness_plot,formula_10
-0.3,0.38034610981197,0.183874943229374,-0.00330797575458575,0.825527992311954,point_return_fraction_plot,richness_evenness,forb_richness_plot,formula_10
-0.2,0.374338566709609,0.1626338568695,-5.95175619127259e-06,0.786919427790661,point_return_fraction_plot,richness_evenness,forb_richness_plot,formula_10
-0.1,0.366032329745653,0.155541679795366,-0.00497690167879898,0.765382598146701,point_return_fraction_plot,richness_evenness,forb_richness_plot,formula_10
0,0.356777549470686,0.166812110268408,-0.0403267710454337,0.765489025385554,point_return_fraction_plot,richness_evenness,forb_richness_plot,formula_10
0.1,0.345537315565071,0.191949007393974,-0.0827392707113214,0.780613998487723,point_return_fraction_plot,richness_evenness,forb_richness_plot,formula_10
0.2,0.3350658317332,0.2232014219305,-0.129384650409482,0.824071139319174,point_return_fraction_plot,richness_evenness,forb_richness_plot,formula_10
0.3,0.324029662915358,0.254526093302037,-0.205731285208339,0.882724850432425,point_return_fraction_plot,richness_evenness,forb_richness_plot,formula_10
0.4,0.315666232331112,0.288641494910503,-0.277262622164711,0.938616378183494,point_return_fraction_plot,richness_evenness,forb_richness_plot,formula_10
0.5,0.307140002426247,0.327701723407781,-0.368048698665433,1.00170845869333,point_return_fraction_plot,richness_evenness,forb_richness_plot,formula_10
-1,-0.260136585593883,0.164846078020644,-0.609033399715226,0.0616141319534511,plant_richness_plot,fun_div_evenness,functional_dispersion_plot,formula_11
-0.5,-0.0744209011979041,0.124402725647618,-0.358936198717037,0.177180210583544,plant_richness_plot,fun_div_evenness,functional_dispersion_plot,formula_11
0,0.108427257762636,0.0988026648541726,-0.124622270014066,0.325622397135826,plant_richness_plot,fun_div_evenness,functional_dispersion_plot,formula_11
0.5,0.290582175547911,0.10234994401263,0.0791386720412117,0.525233348847198,plant_richness_plot,fun_div_evenness,functional_dispersion_plot,formula_11
1,0.475302323362954,0.130103358544094,0.207651711582069,0.750943262252088,plant_richness_plot,fun_div_evenness,functional_dispersion_plot,formula_11
1.5,0.659223993200797,0.171915750246855,0.311700484272971,1.00967039304813,plant_richness_plot,fun_div_evenness,functional_dispersion_plot,formula_11
2,0.847840306627383,0.217550249099168,0.413875641330341,1.27100978592157,plant_richness_plot,fun_div_evenness,functional_dispersion_plot,formula_11
-1.5,-1.4210620671156,0.171368501092368,-1.747676140698,-1.06638860143426,plant_evenness_plot,fun_div_evenness,functional_dispersion_plot,formula_11
-1,-0.95274605932427,0.139121668743864,-1.22643007400293,-0.650156528629167,plant_evenness_plot,fun_div_evenness,functional_dispersion_plot,formula_11
-0.5,-0.483783208751893,0.114452753266681,-0.717217670284554,-0.225023328484703,plant_evenness_plot,fun_div_evenness,functional_dispersion_plot,formula_11
0,-0.0142686065066096,0.10027130461726,-0.227804854524745,0.214476565125474,plant_evenness_plot,fun_div_evenness,functional_dispersion_plot,formula_11
0.5,0.456845249691066,0.0987930395036438,0.22388610891411,0.675052995696585,plant_evenness_plot,fun_div_evenness,functional_dispersion_plot,formula_11
1,0.928673459613868,0.112408565509889,0.668016086604538,1.15795895195209,plant_evenness_plot,fun_div_evenness,functional_dispersion_plot,formula_11
1.5,1.39624587558434,0.141602516117145,1.0783987652897,1.66787642493332,plant_evenness_plot,fun_div_evenness,functional_dispersion_plot,formula_11
2,1.86527887017646,0.176599755983428,1.49865162563977,2.19057355219452,plant_evenness_plot,fun_div_evenness,functional_dispersion_plot,formula_11
-2.5,-0.328891090514378,0.265733017536678,-0.881503910591104,0.191222392924139,mean_point_height_plot,fun_div_evenness,functional_dispersion_plot,formula_11
-2,-0.20413444687243,0.213135884741395,-0.63434724793486,0.23073819761788,mean_point_height_plot,fun_div_evenness,functional_dispersion_plot,formula_11
-1.5,-0.0780594922895539,0.162616813302167,-0.40716795430991,0.26998059840116,mean_point_height_plot,fun_div_evenness,functional_dispersion_plot,formula_11
-1,0.0507701980079337,0.120471910131764,-0.199138828310133,0.321326122075987,mean_point_height_plot,fun_div_evenness,functional_dispersion_plot,formula_11
-0.5,0.182065795845576,0.0972820421881609,-0.0308789714067502,0.408615652616458,mean_point_height_plot,fun_div_evenness,functional_dispersion_plot,formula_11
0,0.316021218944256,0.105018128887166,0.0722049610355762,0.543477159778468,mean_point_height_plot,fun_div_evenness,functional_dispersion_plot,formula_11
0.5,0.445077122855035,0.141214031192053,0.144137884753985,0.731252233814139,mean_point_height_plot,fun_div_evenness,functional_dispersion_plot,formula_11
-0.8,0.206130142251621,0.164068465062261,-0.15499783078999,0.533822338291809,point_return_fraction_plot,fun_div_evenness,functional_dispersion_plot,formula_11
-0.6,0.207739655739,0.132244100873328,-0.0913353414997316,0.47662177130157,point_return_fraction_plot,fun_div_evenness,functional_dispersion_plot,formula_11
-0.4,0.209192921964661,0.109126829554499,-0.0370889155153386,0.434800086478289,point_return_fraction_plot,fun_div_evenness,functional_dispersion_plot,formula_11
-0.2,0.20643207981384,0.0969377375024746,-0.00906235984867921,0.422900314420229,point_return_fraction_plot,fun_div_evenness,functional_dispersion_plot,formula_11
0,0.20930656583813,0.103830356232822,-0.0130487794393035,0.440559194377092,point_return_fraction_plot,fun_div_evenness,functional_dispersion_plot,formula_11
0.2,0.20760445976184,0.122675143277666,-0.0447729917080641,0.466539883598174,point_return_fraction_plot,fun_div_evenness,functional_dispersion_plot,formula_11
0.4,0.206151190440727,0.152885114329287,-0.0859170024147422,0.519534851818765,point_return_fraction_plot,fun_div_evenness,functional_dispersion_plot,formula_11
-1,-0.233754682289264,0.0884616246333622,-0.411266298498238,-0.0514814771542139,plant_richness_plot,fun_div_evenness,functional_diversity_plot,formula_12
-0.5,-0.087534344525996,0.0671419403897075,-0.227594378031726,0.0527294244165538,plant_richness_plot,fun_div_evenness,functional_diversity_plot,formula_12
0,0.0565239645269856,0.0530517344496721,-0.0558139809557993,0.177725022724404,plant_richness_plot,fun_div_evenness,functional_diversity_plot,formula_12
0.5,0.200736048898889,0.0536102445908441,0.0928398165552878,0.326893693496857,plant_richness_plot,fun_div_evenness,functional_diversity_plot,formula_12
1,0.347959015561406,0.0700693053537509,0.213958633284218,0.500308931176412,plant_richness_plot,fun_div_evenness,functional_diversity_plot,formula_12
1.5,0.493110217182345,0.0909373226608722,0.315343891250321,0.685957983179342,plant_richness_plot,fun_div_evenness,functional_diversity_plot,formula_12
2,0.638860146127571,0.115956641530168,0.409469162422304,0.88138345625661,plant_richness_plot,fun_div_evenness,functional_diversity_plot,formula_12
-1.5,-0.365065193956603,0.0878073237420301,-0.533494936618654,-0.168133159957956,plant_evenness_plot,fun_div_evenness,functional_diversity_plot,formula_12
-1,-0.221599705511725,0.0720719911058512,-0.362504921526625,-0.0571566164590379,plant_evenness_plot,fun_div_evenness,functional_diversity_plot,formula_12
-0.5,-0.0772155776558268,0.0594645946261237,-0.194920612940011,0.0610012875180369,plant_evenness_plot,fun_div_evenness,functional_diversity_plot,formula_12
0,0.0669566155421854,0.0518822129903585,-0.0406089985718282,0.187824861708833,plant_evenness_plot,fun_div_evenness,functional_diversity_plot,formula_12
0.5,0.210816350076903,0.052014577999957,0.102850155449303,0.334014920617524,plant_evenness_plot,fun_div_evenness,functional_diversity_plot,formula_12
1,0.355710743754719,0.061043465724502,0.234890173815057,0.487053981908908,plant_evenness_plot,fun_div_evenness,functional_diversity_plot,formula_12
1.5,0.499812659496189,0.0745084579697638,0.356400487703034,0.654209035467745,plant_evenness_plot,fun_div_evenness,functional_diversity_plot,formula_12
2,0.643203133565761,0.0891789179594721,0.47065807227345,0.823864434735085,plant_evenness_plot,fun_div_evenness,functional_diversity_plot,formula_12
-2.5,-0.105897000188773,0.138526795223324,-0.374057087474716,0.170285055234228,mean_point_height_plot,fun_div_evenness,functional_diversity_plot,formula_12
-2,-0.0487151875369137,0.111760613175463,-0.259453337946183,0.176853170160297,mean_point_height_plot,fun_div_evenness,functional_diversity_plot,formula_12
-1.5,0.00860677222121165,0.0860279630423433,-0.154070014218563,0.186410414666019,mean_point_height_plot,fun_div_evenness,functional_diversity_plot,formula_12
-1,0.0653035795262161,0.0633718332850601,-0.0546572567202207,0.208625453871412,mean_point_height_plot,fun_div_evenness,functional_diversity_plot,formula_12
-0.5,0.123896471432972,0.0504399510111171,0.0189826399013136,0.245674436446803,mean_point_height_plot,fun_div_evenness,functional_diversity_plot,formula_12
0,0.183566317574822,0.0547473725040568,0.0672800700429797,0.310055128406146,mean_point_height_plot,fun_div_evenness,functional_diversity_plot,formula_12
0.5,0.241838868101246,0.0724777292125243,0.0969428170317087,0.396959598723494,mean_point_height_plot,fun_div_evenness,functional_diversity_plot,formula_12
-0.8,0.142343883208479,0.0867140423170605,-0.0398919537755092,0.312699777763099,point_return_fraction_plot,fun_div_evenness,functional_diversity_plot,formula_12
-0.6,0.140286673695164,0.0706332001401957,-0.0103104021180031,0.286327873574457,point_return_fraction_plot,fun_div_evenness,functional_diversity_plot,formula_12
-0.4,0.138977656430473,0.0584410601063835,0.0140760311957134,0.262234897495169,point_return_fraction_plot,fun_div_evenness,functional_diversity_plot,formula_12
-0.2,0.135844524993477,0.0505883064868898,0.0266559725320729,0.254388108667241,point_return_fraction_plot,fun_div_evenness,functional_diversity_plot,formula_12
0,0.134613923600275,0.0521823636602302,0.0270468710181914,0.256863289138663,point_return_fraction_plot,fun_div_evenness,functional_diversity_plot,formula_12
0.2,0.134310605107501,0.0624450168550958,0.00851892018250292,0.278422034438072,point_return_fraction_plot,fun_div_evenness,functional_diversity_plot,formula_12
0.4,0.132456011012418,0.07679109457593,-0.0220458257965427,0.303627530762273,point_return_fraction_plot,fun_div_evenness,functional_diversity_plot,formula_12
-1,0.310681690643522,0.258374816935083,-0.254770851451917,0.834937436164234,plant_richness_plot,fun_div_evenness,functional_nearerst_neighbour_distance_plot,formula_13
-0.5,0.032670724569875,0.191992936788135,-0.391519474873441,0.421467273093292,plant_richness_plot,fun_div_evenness,functional_nearerst_neighbour_distance_plot,formula_13
0,-0.244401777884541,0.143469176682537,-0.576247244892662,0.0715468584280287,plant_richness_plot,fun_div_evenness,functional_nearerst_neighbour_distance_plot,formula_13
0.5,-0.526365664182513,0.143568290636005,-0.848845298635677,-0.199768544217833,plant_richness_plot,fun_div_evenness,functional_nearerst_neighbour_distance_plot,formula_13
1,-0.802590943493548,0.194140178008615,-1.22521491664255,-0.391436783800428,plant_richness_plot,fun_div_evenness,functional_nearerst_neighbour_distance_plot,formula_13
1.5,-1.07498102179234,0.26809658852866,-1.63679842049647,-0.548624733968183,plant_richness_plot,fun_div_evenness,functional_nearerst_neighbour_distance_plot,formula_13
2,-1.35439747232043,0.348921442166429,-2.05626130697341,-0.669321495761472,plant_richness_plot,fun_div_evenness,functional_nearerst_neighbour_distance_plot,formula_13
-1.5,0.0976205008498121,0.278376056216058,-0.478276292783497,0.681771784938207,plant_evenness_plot,fun_div_evenness,functional_nearerst_neighbour_distance_plot,formula_13
-1,-0.0450258934506985,0.222292140879975,-0.503556283043209,0.427678984821554,plant_evenness_plot,fun_div_evenness,functional_nearerst_neighbour_distance_plot,formula_13
-0.5,-0.188554385442931,0.173362204879255,-0.542433824174469,0.192567632914047,plant_evenness_plot,fun_div_evenness,functional_nearerst_neighbour_distance_plot,formula_13
0,-0.333853418503643,0.139622766652099,-0.640581346862969,-0.00933855060871158,plant_evenness_plot,fun_div_evenness,functional_nearerst_neighbour_distance_plot,formula_13
0.5,-0.470574593758474,0.140885630643519,-0.802897470956432,-0.160664049601158,plant_evenness_plot,fun_div_evenness,functional_nearerst_neighbour_distance_plot,formula_13
1,-0.613855632166095,0.175634134653267,-1.01231360981067,-0.249160205791357,plant_evenness_plot,fun_div_evenness,functional_nearerst_neighbour_distance_plot,formula_13
1.5,-0.759012825992832,0.2305869978739,-1.26000258141415,-0.302768955222657,plant_evenness_plot,fun_div_evenness,functional_nearerst_neighbour_distance_plot,formula_13
2,-0.902560195777791,0.295429246757757,-1.51848330970732,-0.329948063633418,plant_evenness_plot,fun_div_evenness,functional_nearerst_neighbour_distance_plot,formula_13
-2.5,-0.957257370641871,0.442656483777362,-1.84874863256796,-0.0685157235428982,mean_point_height_plot,fun_div_evenness,functional_nearerst_neighbour_distance_plot,formula_13
-2,-0.824913081118218,0.349640208210086,-1.53342942053686,-0.118960293054064,mean_point_height_plot,fun_div_evenness,functional_nearerst_neighbour_distance_plot,formula_13
-1.5,-0.691173669454997,0.262843138939108,-1.23599138862921,-0.153468229038078,mean_point_height_plot,fun_div_evenness,functional_nearerst_neighbour_distance_plot,formula_13
-1,-0.5596930125799,0.189143284043273,-0.94821388830411,-0.162894857344661,mean_point_height_plot,fun_div_evenness,functional_nearerst_neighbour_distance_plot,formula_13
-0.5,-0.424762656560069,0.137945749666682,-0.737515447634138,-0.105569408193584,mean_point_height_plot,fun_div_evenness,functional_nearerst_neighbour_distance_plot,formula_13
0,-0.286848008347102,0.159245708529404,-0.6432793952869,0.0405893639442325,mean_point_height_plot,fun_div_evenness,functional_nearerst_neighbour_distance_plot,formula_13
0.5,-0.150923404462617,0.235162200858309,-0.637330200094203,0.288778109048606,mean_point_height_plot,fun_div_evenness,functional_nearerst_neighbour_distance_plot,formula_13
-0.8,-0.229513263882955,0.28295780894943,-0.799588499988593,0.341726481759441,point_return_fraction_plot,fun_div_evenness,functional_nearerst_neighbour_distance_plot,formula_13
-0.6,-0.278128941846133,0.223490932700371,-0.745717964497138,0.175738755629994,point_return_fraction_plot,fun_div_evenness,functional_nearerst_neighbour_distance_plot,formula_13
-0.4,-0.3283221408105,0.17223241234517,-0.720761900257008,0.0312170759318522,point_return_fraction_plot,fun_div_evenness,functional_nearerst_neighbour_distance_plot,formula_13
-0.2,-0.381724701783045,0.137204094839955,-0.703038414754867,-0.0717214015483685,point_return_fraction_plot,fun_div_evenness,functional_nearerst_neighbour_distance_plot,formula_13
0,-0.435226410110663,0.149046397537757,-0.750358216910612,-0.101803689155734,point_return_fraction_plot,fun_div_evenness,functional_nearerst_neighbour_distance_plot,formula_13
0.2,-0.485803536897464,0.191299905282381,-0.862563236701065,-0.0868199488507017,point_return_fraction_plot,fun_div_evenness,functional_nearerst_neighbour_distance_plot,formula_13
0.4,-0.533745351797409,0.247606805550542,-1.01314294448962,-0.0373516836379466,point_return_fraction_plot,fun_div_evenness,functional_nearerst_neighbour_distance_plot,formula_13
-1,-0.420891756500032,0.0896014360517827,-0.598419728065665,-0.241951698156482,plant_richness_plot,fun_div_evenness,functional_richness_plot,formula_14
-0.5,-0.246403566303878,0.0701688215868331,-0.384930914722074,-0.0978794829363066,plant_richness_plot,fun_div_evenness,functional_richness_plot,formula_14
0,-0.0705853979851871,0.0555401668526299,-0.185710353128511,0.0625428126182149,plant_richness_plot,fun_div_evenness,functional_richness_plot,formula_14
0.5,0.105252880188369,0.0539905723673431,-0.0113992501546831,0.241960677331663,plant_richness_plot,fun_div_evenness,functional_richness_plot,formula_14
1,0.281715931274874,0.0677818513041362,0.141647969596947,0.439849238508461,plant_richness_plot,fun_div_evenness,functional_richness_plot,formula_14
1.5,0.456998721361849,0.0874896743437242,0.284596526184839,0.647864560167637,plant_richness_plot,fun_div_evenness,functional_richness_plot,formula_14
2,0.633575056281809,0.112009039585247,0.418949747881038,0.865000549848312,plant_richness_plot,fun_div_evenness,functional_richness_plot,formula_14
-1.5,0.178280589705894,0.0901938606642796,0.00255738382998839,0.387576366032888,plant_evenness_plot,fun_div_evenness,functional_richness_plot,formula_14
-1,0.134277697108272,0.074834156256906,-0.013805411580038,0.310388218032807,plant_evenness_plot,fun_div_evenness,functional_richness_plot,formula_14
-0.5,0.0905874260875919,0.0626532993004621,-0.0333395298267094,0.247089719143244,plant_evenness_plot,fun_div_evenness,functional_richness_plot,formula_14
0,0.045875374302466,0.0528896330298545,-0.0671588429184097,0.183725750413844,plant_evenness_plot,fun_div_evenness,functional_richness_plot,formula_14
0.5,0.00241256373154658,0.0544651011924917,-0.114311743094366,0.13376093131169,plant_evenness_plot,fun_div_evenness,functional_richness_plot,formula_14
1,-0.0412268605725091,0.0646275294304608,-0.173313830713946,0.100304147204553,plant_evenness_plot,fun_div_evenness,functional_richness_plot,formula_14
1.5,-0.0856322106644852,0.0769225499406542,-0.244508817795531,0.0805963554789253,plant_evenness_plot,fun_div_evenness,functional_richness_plot,formula_14
2,-0.13133215435366,0.0925209934413252,-0.318345663058492,0.0645386963801255,plant_evenness_plot,fun_div_evenness,functional_richness_plot,formula_14
-2.5,-0.287366161661477,0.140394651225802,-0.557012017586004,0.010557858648512,mean_point_height_plot,fun_div_evenness,functional_richness_plot,formula_14
-2,-0.213637028636376,0.114215927061363,-0.429118848551931,0.0307446384515536,mean_point_height_plot,fun_div_evenness,functional_richness_plot,formula_14
-1.5,-0.139963140493296,0.0889882016468544,-0.306573276028576,0.0574614261624255,mean_point_height_plot,fun_div_evenness,functional_richness_plot,formula_14
-1,-0.0649363461866944,0.0666872479622167,-0.19206590710131,0.0899179187934728,mean_point_height_plot,fun_div_evenness,functional_richness_plot,formula_14
-0.5,0.0101393773023179,0.0530163704851204,-0.101796102412824,0.145096614580029,mean_point_height_plot,fun_div_evenness,functional_richness_plot,formula_14
0,0.0864254410211707,0.0596597171759964,-0.0389618654035909,0.221944859274597,mean_point_height_plot,fun_div_evenness,functional_richness_plot,formula_14
0.5,0.163648012679971,0.0785770876668376,0.00110039019204787,0.330052962787634,mean_point_height_plot,fun_div_evenness,functional_richness_plot,formula_14
-0.8,0.160054621113172,0.0924449992997982,-0.0280279101850163,0.350195118946301,point_return_fraction_plot,fun_div_evenness,functional_richness_plot,formula_14
-0.6,0.119821036871486,0.074631918102312,-0.0328159318010393,0.285456469755133,point_return_fraction_plot,fun_div_evenness,functional_richness_plot,formula_14
-0.4,0.0802735984361954,0.060980114222072,-0.0498751868137115,0.221778161678116,point_return_fraction_plot,fun_div_evenness,functional_richness_plot,formula_14
-0.2,0.0395174236515849,0.0521330150435777,-0.0770154111940337,0.171731450824005,point_return_fraction_plot,fun_div_evenness,functional_richness_plot,formula_14
0,-0.00161001907847064,0.0558991865451412,-0.115084547563886,0.133521315919665,point_return_fraction_plot,fun_div_evenness,functional_richness_plot,formula_14
0.2,-0.0424113782924223,0.0676560073272946,-0.169314301544384,0.10854062553914,point_return_fraction_plot,fun_div_evenness,functional_richness_plot,formula_14
0.4,-0.0832424136582313,0.0825394185308693,-0.232077691931721,0.0958947026944912,point_return_fraction_plot,fun_div_evenness,functional_richness_plot,formula_14
-1.5,-0.605584485199408,0.223479426070774,-1.07004609752724,-0.177038191732737,plant_evenness_plot,richness_evenness,graminoid_richness_plot,formula_15
-1,-0.358343392665598,0.185998774045771,-0.761714970276911,-0.00142398920932814,plant_evenness_plot,richness_evenness,graminoid_richness_plot,formula_15
-0.5,-0.114034730472321,0.155651104916538,-0.457461334017637,0.187415863151359,plant_evenness_plot,richness_evenness,graminoid_richness_plot,formula_15
0,0.135166052954215,0.13509757817559,-0.177056343146402,0.395170146477869,plant_evenness_plot,richness_evenness,graminoid_richness_plot,formula_15
0.5,0.379907724455695,0.127239243547016,0.0807369175666499,0.653207363690497,plant_evenness_plot,richness_evenness,graminoid_richness_plot,formula_15
1,0.627429064149892,0.14480156781479,0.315054661912747,0.92855146579539,plant_evenness_plot,richness_evenness,graminoid_richness_plot,formula_15
1.5,0.870794977819744,0.171220217349864,0.53014917797874,1.21921016632517,plant_evenness_plot,richness_evenness,graminoid_richness_plot,formula_15
2,1.11832603355343,0.208090849410159,0.702482907851635,1.53078405854507,plant_evenness_plot,richness_evenness,graminoid_richness_plot,formula_15
-2.5,0.562610095948366,0.336515212547258,-0.139098412581719,1.22672251572192,mean_point_height_plot,richness_evenness,graminoid_richness_plot,formula_15
-2,0.495539228676401,0.27443681020022,-0.0665044132974436,1.03352413928794,mean_point_height_plot,richness_evenness,graminoid_richness_plot,formula_15
-1.5,0.429318545186928,0.212245570224358,-0.0128949391729176,0.85019474673242,mean_point_height_plot,richness_evenness,graminoid_richness_plot,formula_15
-1,0.362881401809056,0.162239590160995,0.0249003761136593,0.681039602746063,mean_point_height_plot,richness_evenness,graminoid_richness_plot,formula_15
-0.5,0.296940757626972,0.129181259996632,-0.00666546862945814,0.559867646799073,mean_point_height_plot,richness_evenness,graminoid_richness_plot,formula_15
0,0.224812970318089,0.135450090760319,-0.0917246998441153,0.520354296593633,mean_point_height_plot,richness_evenness,graminoid_richness_plot,formula_15
0.5,0.15474489835546,0.177357191209472,-0.226090548154628,0.539167853851316,mean_point_height_plot,richness_evenness,graminoid_richness_plot,formula_15
-0.7,0.534031902823872,0.213675379564267,0.115937098767006,0.970787018220455,point_return_fraction_plot,richness_evenness,graminoid_richness_plot,formula_15
-0.6,0.491297158978623,0.190264868057471,0.113997626655078,0.886928491781749,point_return_fraction_plot,richness_evenness,graminoid_richness_plot,formula_15
-0.5,0.450718943892093,0.170269061633536,0.0987113142964918,0.803339407724192,point_return_fraction_plot,richness_evenness,graminoid_richness_plot,formula_15
-0.4,0.409359239645429,0.151164731261182,0.0835667166019981,0.721379274579709,point_return_fraction_plot,richness_evenness,graminoid_richness_plot,formula_15
-0.3,0.37142653922542,0.136090781779714,0.0612956092480923,0.657960729080426,point_return_fraction_plot,richness_evenness,graminoid_richness_plot,formula_15
-0.2,0.330094856140613,0.128259037939938,0.0268561105689931,0.599876512913393,point_return_fraction_plot,richness_evenness,graminoid_richness_plot,formula_15
-0.1,0.288244221471189,0.126928483723167,-0.0128795302695519,0.553210930065359,point_return_fraction_plot,richness_evenness,graminoid_richness_plot,formula_15
0,0.246757572535563,0.132194052253614,-0.0595826173253789,0.513829531135546,point_return_fraction_plot,richness_evenness,graminoid_richness_plot,formula_15
0.1,0.204277358967374,0.145038227112334,-0.123562559985602,0.492971210517519,point_return_fraction_plot,richness_evenness,graminoid_richness_plot,formula_15
0.2,0.161588509936932,0.161606393311684,-0.19255620182796,0.487652449485889,point_return_fraction_plot,richness_evenness,graminoid_richness_plot,formula_15
0.3,0.120002326218768,0.182113859954423,-0.265057946726799,0.48345322594517,point_return_fraction_plot,richness_evenness,graminoid_richness_plot,formula_15
0.4,0.075479445697658,0.206360913166195,-0.350173486347143,0.489520047989261,point_return_fraction_plot,richness_evenness,graminoid_richness_plot,formula_15
-1.5,-0.229136634048828,0.14839687794633,-0.551055567174364,0.0738824462325021,plant_evenness_plot,richness_evenness,plant_richness_plot,formula_16
-1,-0.0893367591604259,0.125823671618615,-0.369955746372423,0.168419529533876,plant_evenness_plot,richness_evenness,plant_richness_plot,formula_16
-0.5,0.0506916459465753,0.106405714848808,-0.203141466610515,0.267631054982552,plant_evenness_plot,richness_evenness,plant_richness_plot,formula_16
0,0.187883436610089,0.0927841289807426,-0.0421585051384089,0.386314672956796,plant_evenness_plot,richness_evenness,plant_richness_plot,formula_16
0.5,0.323938164913224,0.0926855219352904,0.100538403784593,0.523838429280982,plant_evenness_plot,richness_evenness,plant_richness_plot,formula_16
1,0.460356764611599,0.104187859596258,0.22026615966653,0.689424115319898,plant_evenness_plot,richness_evenness,plant_richness_plot,formula_16
1.5,0.599714550919901,0.124528618547325,0.324458875869206,0.863087582410971,plant_evenness_plot,richness_evenness,plant_richness_plot,formula_16
2,0.737658024513024,0.149632922131314,0.41841931040795,1.05135209730016,plant_evenness_plot,richness_evenness,plant_richness_plot,formula_16
-2.5,0.420984962940737,0.235430943143104,-0.0518785898445227,0.885103387882311,mean_point_height_plot,richness_evenness,plant_richness_plot,formula_16
-2,0.380138973363823,0.190791118966096,-0.00614000308846591,0.757220603209237,mean_point_height_plot,richness_evenness,plant_richness_plot,formula_16
-1.5,0.340587833817002,0.147180741454375,0.0246154578399367,0.633173952761376,mean_point_height_plot,richness_evenness,plant_richness_plot,formula_16
-1,0.299013774180025,0.110502702436626,0.0506506327891179,0.532547553831434,mean_point_height_plot,richness_evenness,plant_richness_plot,formula_16
-0.5,0.259923695978171,0.09198604377362,0.0360562420772601,0.457981353192626,mean_point_height_plot,richness_evenness,plant_richness_plot,formula_16
0,0.220561326829845,0.103571993904444,-0.0231934012905051,0.427463213019436,mean_point_height_plot,richness_evenness,plant_richness_plot,formula_16
0.5,0.176015790493224,0.136967949093515,-0.11494930506438,0.448211552690352,mean_point_height_plot,richness_evenness,plant_richness_plot,formula_16
-0.8,0.370866450740783,0.165179149082031,0.0274447097965122,0.695618052169897,point_return_fraction_plot,richness_evenness,plant_richness_plot,formula_16
-0.6,0.335953146566154,0.134261333254997,0.0441330757144544,0.603287597085047,point_return_fraction_plot,richness_evenness,plant_richness_plot,formula_16
-0.4,0.300501987001086,0.108984413048514,0.0464975554128147,0.520417296221036,point_return_fraction_plot,richness_evenness,plant_richness_plot,formula_16
-0.2,0.264804017675309,0.0920229243877099,0.0400873657105037,0.462422621342025,point_return_fraction_plot,richness_evenness,plant_richness_plot,formula_16
0,0.229314392576769,0.0972782129805922,-0.00138524619205881,0.430990115152342,point_return_fraction_plot,richness_evenness,plant_richness_plot,formula_16
0.2,0.195227932344051,0.115665198034968,-0.0694493290690728,0.428049558170766,point_return_fraction_plot,richness_evenness,plant_richness_plot,formula_16
0.4,0.157766594104955,0.143858696109078,-0.151864130324768,0.443926307083089,point_return_fraction_plot,richness_evenness,plant_richness_plot,formula_16
-1.5,-1.63994209924198,0.0947705245587171,-1.82757632244163,-1.44619143832094,plant_evenness_plot,richness_evenness,shannon_diversity_plot,formula_17
-1,-1.05509485482719,0.0773047472235552,-1.20701175584551,-0.897017072401983,plant_evenness_plot,richness_evenness,shannon_diversity_plot,formula_17
-0.5,-0.470212175304105,0.0619204341657852,-0.598139588218349,-0.337772965651422,plant_evenness_plot,richness_evenness,shannon_diversity_plot,formula_17
0,0.11540305413732,0.0525604086695663,-0.00259477541986347,0.229939378605018,plant_evenness_plot,richness_evenness,shannon_diversity_plot,formula_17
0.5,0.700385424916941,0.0538153954037439,0.582639623126286,0.814354216542841,plant_evenness_plot,richness_evenness,shannon_diversity_plot,formula_17
1,1.28643527730774,0.0641303283963303,1.15231293869938,1.41464074096669,plant_evenness_plot,richness_evenness,shannon_diversity_plot,formula_17
1.5,1.87158369183281,0.0794276443968387,1.71116768040562,2.02751696529724,plant_evenness_plot,richness_evenness,shannon_diversity_plot,formula_17
2,2.45723980570974,0.0964881448585226,2.26106425534456,2.64450756066959,plant_evenness_plot,richness_evenness,shannon_diversity_plot,formula_17
-2.5,0.571255824186718,0.154012852869968,0.26715916730964,0.876946835897999,mean_point_height_plot,richness_evenness,shannon_diversity_plot,formula_17
-2,0.527318606926332,0.123778752539685,0.284316926540607,0.770926558843564,mean_point_height_plot,richness_evenness,shannon_diversity_plot,formula_17
-1.5,0.484346368226521,0.0957424605522028,0.297761551638921,0.671503602298453,mean_point_height_plot,richness_evenness,shannon_diversity_plot,formula_17
-1,0.442219167289278,0.0682984396708797,0.303815858602351,0.583075059848543,mean_point_height_plot,richness_evenness,shannon_diversity_plot,formula_17
-0.5,0.400258253582182,0.052286569256333,0.284448796007024,0.513553352972873,mean_point_height_plot,richness_evenness,shannon_diversity_plot,formula_17
0,0.357572725296145,0.0595428409750745,0.228003698259432,0.477230888986683,mean_point_height_plot,richness_evenness,shannon_diversity_plot,formula_17
0.5,0.315969260621488,0.0820575572147759,0.146140144356644,0.471954884842574,mean_point_height_plot,richness_evenness,shannon_diversity_plot,formula_17
-0.8,0.442092104254494,0.0941869930575645,0.250810159600141,0.632315755327979,point_return_fraction_plot,richness_evenness,shannon_diversity_plot,formula_17
-0.6,0.427522090813259,0.0773238124030042,0.269974187804805,0.577885908841092,point_return_fraction_plot,richness_evenness,shannon_diversity_plot,formula_17
-0.4,0.412659378523469,0.0617889114466173,0.284529011949793,0.538598734991519,point_return_fraction_plot,richness_evenness,shannon_diversity_plot,formula_17
-0.2,0.397044921446065,0.0531343797353832,0.28046793328821,0.509951356674839,point_return_fraction_plot,richness_evenness,shannon_diversity_plot,formula_17
0,0.381731151231513,0.0546189864246607,0.259971510908064,0.501664305920555,point_return_fraction_plot,richness_evenness,shannon_diversity_plot,formula_17
0.2,0.365683931970555,0.067299007985,0.226637618426933,0.507998654443844,point_return_fraction_plot,richness_evenness,shannon_diversity_plot,formula_17
0.4,0.351680012755879,0.0854568325232112,0.177188538042347,0.524391819907339,point_return_fraction_plot,richness_evenness,shannon_diversity_plot,formula_17
-1.5,-0.368574025369245,0.207317405331469,-0.782557337891419,0.0228375291662749,plant_evenness_plot,richness_evenness,woody_richness_plot,formula_18
-1,-0.294581413715972,0.164386559575954,-0.628983831906813,0.0207815373823709,plant_evenness_plot,richness_evenness,woody_richness_plot,formula_18
-0.5,-0.22404984469207,0.125057718964237,-0.488929582926822,0.0313652152069325,plant_evenness_plot,richness_evenness,woody_richness_plot,formula_18
0,-0.149436181755004,0.10017624471418,-0.378382577555733,0.0668396131554584,plant_evenness_plot,richness_evenness,woody_richness_plot,formula_18
0.5,-0.0759996616559456,0.104463009627555,-0.302035474271673,0.145583902972629,plant_evenness_plot,richness_evenness,woody_richness_plot,formula_18
1,-0.00105559517894699,0.132610515380202,-0.271757957359218,0.267277305149494,plant_evenness_plot,richness_evenness,woody_richness_plot,formula_18
1.5,0.0727729033900975,0.171989890462897,-0.27475672952913,0.405179078959335,plant_evenness_plot,richness_evenness,woody_richness_plot,formula_18
2,0.144484947368679,0.216892546006564,-0.290339233171257,0.573073846124441,plant_evenness_plot,richness_evenness,woody_richness_plot,formula_18
-2.5,-0.763845405998775,0.335325966942207,-1.41110532847492,-0.109503353394072,mean_point_height_plot,richness_evenness,woody_richness_plot,formula_18
-2,-0.609184173342962,0.266070812325013,-1.12402647407241,-0.0873352910573464,mean_point_height_plot,richness_evenness,woody_richness_plot,formula_18
-1.5,-0.456505111102956,0.197249579751237,-0.847177374874737,-0.0606615261487115,mean_point_height_plot,richness_evenness,woody_richness_plot,formula_18
-1,-0.301991350980097,0.13848033846555,-0.58466823726181,-0.0203343089631998,mean_point_height_plot,richness_evenness,woody_richness_plot,formula_18
-0.5,-0.151927433760439,0.0994719202597696,-0.375489444588189,0.0701095230413432,mean_point_height_plot,richness_evenness,woody_richness_plot,formula_18
0,-0.000483582006902312,0.113911659760106,-0.246367610702436,0.231669447251662,mean_point_height_plot,richness_evenness,woody_richness_plot,formula_18
0.5,0.156185612607679,0.166842682810506,-0.192964811240124,0.474236959684233,mean_point_height_plot,richness_evenness,woody_richness_plot,formula_18
-0.7,-0.049932942183967,0.182628657360225,-0.409723072824823,0.314778724425663,point_return_fraction_plot,richness_evenness,woody_richness_plot,formula_18
-0.6,-0.0630821957845522,0.158481245581884,-0.381676211784278,0.257468754233925,point_return_fraction_plot,richness_evenness,woody_richness_plot,formula_18
-0.5,-0.0748747241165302,0.13961007843908,-0.362749673219586,0.206453819807672,point_return_fraction_plot,richness_evenness,woody_richness_plot,formula_18
-0.4,-0.0861248811844562,0.121523950308711,-0.342446734209311,0.166919322009443,point_return_fraction_plot,richness_evenness,woody_richness_plot,formula_18
-0.3,-0.099175240889134,0.107086614255456,-0.330142460797222,0.132399744400731,point_return_fraction_plot,richness_evenness,woody_richness_plot,formula_18
-0.2,-0.112100232603716,0.0990261195184674,-0.338623289246216,0.103797280803229,point_return_fraction_plot,richness_evenness,woody_richness_plot,formula_18
-0.1,-0.125539216745196,0.0997012303820549,-0.350165381709359,0.0902864957351281,point_return_fraction_plot,richness_evenness,woody_richness_plot,formula_18
0,-0.137788036662822,0.105241190729358,-0.379146811852427,0.0922340550563571,point_return_fraction_plot,richness_evenness,woody_richness_plot,formula_18
0.1,-0.151115034913956,0.117771954303845,-0.407378216996442,0.0929456456392127,point_return_fraction_plot,richness_evenness,woody_richness_plot,formula_18
0.2,-0.165961591891292,0.136268007260643,-0.458497149080472,0.113066742539682,point_return_fraction_plot,richness_evenness,woody_richness_plot,formula_18
0.3,-0.17926793995503,0.15866113030926,-0.506598830147237,0.137702047240335,point_return_fraction_plot,richness_evenness,woody_richness_plot,formula_18
0.4,-0.192937892178963,0.181264570584315,-0.56389010985888,0.165147899923412,point_return_fraction_plot,richness_evenness,woody_richness_plot,formula_18
