plot_id,species,cover,life_form
addo_jack_in_1,Asparagus crassicladus,1,Forb
addo_jack_in_1,Capparis sepiaria,15,Shrub
addo_jack_in_1,Crassula ovata,5,Shrub
addo_jack_in_1,Euclea undulata,60,Tree
addo_jack_in_1,Portulacaria afra,15,Shrub
addo_jack_in_1,Sansevieria hyacinthoides,5,Forb
addo_jack_in_1,Schotia afra,25,Tree
addo_jack_in_10,Asparagus africanus,2,Shrub
addo_jack_in_10,Asparagus burchellii,1,Shrub
addo_jack_in_10,Asparagus crassicladus,5,Shrub
addo_jack_in_10,Asparagus striatus,5,Forb
addo_jack_in_10,Azima tetracantha,10,Shrub
addo_jack_in_10,Cadaba aphylla,2,Shrub
addo_jack_in_10,Capparis sepiaria,10,Shrub
addo_jack_in_10,Cotyledon velutina,2,Shrub
addo_jack_in_10,Euclea undulata,10,Tree
addo_jack_in_10,Gymnosporia buxifolia,2,Shrub
addo_jack_in_10,Panicum deustum,1,Graminoid
addo_jack_in_10,Portulacaria afra,15,Shrub
addo_jack_in_10,Sansevieria hyacinthoides,5,Forb
addo_jack_in_10,Schotia afra,10,Tree
addo_jack_in_10,Searsia pterota,20,Shrub
addo_jack_in_10,Sideroxylon inerme,35,Tree
addo_jack_in_11,Asparagus crassicladus,5,Shrub
addo_jack_in_11,Asparagus striatus,1,Forb
addo_jack_in_11,Azima tetracantha,10,Shrub
addo_jack_in_11,Capparis sepiaria,10,Shrub
addo_jack_in_11,Euclea undulata,40,Tree
addo_jack_in_11,Gymnosporia buxifolia,5,Shrub
addo_jack_in_11,Portulacaria afra,30,Shrub
addo_jack_in_11,Rhoicissus tridentata,1,Forb
addo_jack_in_11,Schotia afra,5,Tree
addo_jack_in_11,Searsia pterota,30,Shrub
addo_jack_in_12,Asparagus africanus,5,Shrub
addo_jack_in_12,Cadaba aphylla,5,Shrub
addo_jack_in_12,Capparis sepiaria,20,Shrub
addo_jack_in_12,Clausena anisata,10,Shrub
addo_jack_in_12,Hypoestes aristata,10,Forb
addo_jack_in_12,Plumbago auriculata,2,Shrub
addo_jack_in_12,Portulacaria afra,50,Shrub
addo_jack_in_12,Sansevieria hyacinthoides,10,Forb
addo_jack_in_12,Schotia afra,25,Tree
addo_jack_in_12,Searsia pterota,10,Shrub
addo_jack_in_12,Sideroxylon inerme,25,Tree
addo_jack_in_13,Asparagus africanus,5,Shrub
addo_jack_in_13,Azima tetracantha,10,Shrub
addo_jack_in_13,Capparis sepiaria,40,Shrub
addo_jack_in_13,Crassula ovata,5,Shrub
addo_jack_in_13,Euclea undulata,2,Tree
addo_jack_in_13,Gymnosporia buxifolia,30,Shrub
addo_jack_in_13,Hermannia althaeoides ,1,Forb
addo_jack_in_13,Portulacaria afra,40,Shrub
addo_jack_in_13,Schotia afra,5,Tree
addo_jack_in_13,Searsia pterota,5,Shrub
addo_jack_in_13,Viscum rotundifolia,1,Forb
addo_jack_in_14,Asparagus crassicladus,2,Shrub
addo_jack_in_14,Azima tetracantha,10,Shrub
addo_jack_in_14,Cadaba aphylla,2,Shrub
addo_jack_in_14,Capparis sepiaria,15,Shrub
addo_jack_in_14,Cotyledon velutina,1,Shrub
addo_jack_in_14,Crassula cultrata,1,Forb
addo_jack_in_14,Euclea undulata,30,Tree
addo_jack_in_14,Gymnosporia buxifolia,2,Shrub
addo_jack_in_14,Hypoestes aristata,5,Forb
addo_jack_in_14,Panicum deustum,2,Graminoid
addo_jack_in_14,Portulacaria afra,35,Shrub
addo_jack_in_14,Sansevieria hyacinthoides,2,Forb
addo_jack_in_14,Searsia pterota,10,Shrub
addo_jack_in_15,Abutilon sonneratianum,1,Forb
addo_jack_in_15,Asparagus africanus,5,Shrub
addo_jack_in_15,Azima tetracantha,10,Shrub
addo_jack_in_15,Capparis sepiaria,25,Shrub
addo_jack_in_15,Cotyledon velutina,1,Forb
addo_jack_in_15,Gymnosporia buxifolia,30,Shrub
addo_jack_in_15,Pelargonium peltatum,1,Forb
addo_jack_in_15,Portulacaria afra,30,Shrub
addo_jack_in_15,Rhoicissus tridentata,2,Forb
addo_jack_in_15,Sansevieria hyacinthoides,2,Forb
addo_jack_in_15,Searsia pterota,5,Shrub
addo_jack_in_16,Asparagus africanus,5,Forb
addo_jack_in_16,Asparagus crassicladus,5,Shrub
addo_jack_in_16,Azima tetracantha,20,Shrub
addo_jack_in_16,Capparis sepiaria,15,Shrub
addo_jack_in_16,Euclea undulata,20,Tree
addo_jack_in_16,Gymnosporia polyacanthus,10,Shrub
addo_jack_in_16,Portulacaria afra,50,Shrub
addo_jack_in_16,Sansevieria hyacinthoides,1,Forb
addo_jack_in_16,Schotia afra,30,Tree
addo_jack_in_16,Searsia pterota,15,Shrub
addo_jack_in_17,Asparagus africanus,2,Shrub
addo_jack_in_17,Asparagus crassicladus,5,Shrub
addo_jack_in_17,Azima tetracantha,10,Shrub
addo_jack_in_17,Capparis sepiaria,10,Shrub
addo_jack_in_17,Commelina benghalensis,5,Forb
addo_jack_in_17,Euclea undulata,10,Tree
addo_jack_in_17,Gymnosporia polyacanthus,10,Shrub
addo_jack_in_17,Hypoestes aristata,1,Forb
addo_jack_in_17,Lauridia tetragona,5,Shrub
addo_jack_in_17,Plectranthus madagascariensis,2,Forb
addo_jack_in_17,Portulacaria afra,30,Shrub
addo_jack_in_17,Sansevieria hyacinthoides,1,Forb
addo_jack_in_17,Schotia afra,40,Tree
addo_jack_in_17,Searsia pterota,15,Shrub
addo_jack_in_17,Sideroxylon inerme,5,Tree
addo_jack_in_18,Asparagus africanus,2,Shrub
addo_jack_in_18,Asparagus burchellii,2,Shrub
addo_jack_in_18,Azima tetracantha,5,Shrub
addo_jack_in_18,Capparis sepiaria,30,Shrub
addo_jack_in_18,Euclea undulata,10,Tree
addo_jack_in_18,Lauridia tetragona,2,Shrub
addo_jack_in_18,Portulacaria afra,30,Shrub
addo_jack_in_18,Sansevieria hyacinthoides,5,Forb
addo_jack_in_18,Schotia afra,25,Tree
addo_jack_in_18,Searsia pterota,5,Shrub
addo_jack_in_2,Aloe africana,5,Tree
addo_jack_in_2,Asparagus striatus,5,Forb
addo_jack_in_2,Azima tetracantha,5,Shrub
addo_jack_in_2,Capparis sepiaria,40,Shrub
addo_jack_in_2,Cynanchum viminalie,1,Forb
addo_jack_in_2,Euclea undulata,40,Tree
addo_jack_in_2,Gymnosporia polyacanthus,2,Shrub
addo_jack_in_2,Mystroxylon aethiopicum,2,Tree
addo_jack_in_2,Portulacaria afra,15,Shrub
addo_jack_in_2,Sansevieria hyacinthoides,10,Forb
addo_jack_in_2,Schotia afra,10,Tree
addo_jack_in_3,Asparagus densiflorus,5,Forb
addo_jack_in_3,Azima tetracantha,15,Shrub
addo_jack_in_3,Capparis sepiaria,10,Shrub
addo_jack_in_3,Crassula ovata,5,Shrub
addo_jack_in_3,Gymnosporia polyacanthus,5,Shrub
addo_jack_in_3,Mystroxylon aethiopicum,2,Tree
addo_jack_in_3,Portulacaria afra,60,Shrub
addo_jack_in_3,Sansevieria hyacinthoides,2,Forb
addo_jack_in_3,Schotia afra,20,Tree
addo_jack_in_3,Searsia pterota,10,Shrub
addo_jack_in_4,Asparagus crassicladus,5,Forb
addo_jack_in_4,Azima tetracantha,10,Shrub
addo_jack_in_4,Capparis sepiaria,20,Shrub
addo_jack_in_4,Cotyledon velutina,5,Shrub
addo_jack_in_4,Euclea undulata,20,Tree
addo_jack_in_4,Gymnosporia polyacanthus,5,Shrub
addo_jack_in_4,Panicum deustum,1,Graminoid
addo_jack_in_4,Portulacaria afra,10,Shrub
addo_jack_in_4,Sansevieria hyacinthoides,2,Forb
addo_jack_in_4,Schotia afra,15,Tree
addo_jack_in_4,Searsia pterota,10,Shrub
addo_jack_in_4,Sideroxylon inerme,10,Tree
addo_jack_in_5,Asparagus densiflorus,5,Shrub
addo_jack_in_5,Asparagus subulatus,1,Forb
addo_jack_in_5,Azima tetracantha,15,Shrub
addo_jack_in_5,Cadaba aphylla,5,Shrub
addo_jack_in_5,Capparis sepiaria,15,Shrub
addo_jack_in_5,Crassula cultrata,1,Forb
addo_jack_in_5,Crassula pubescens,1,Forb
addo_jack_in_5,Euclea undulata,20,Tree
addo_jack_in_5,Gymnosporia polyacanthus,5,Shrub
addo_jack_in_5,Lauridia tetragona,5,Shrub
addo_jack_in_5,Mystroxylon aethiopicum,15,Tree
addo_jack_in_5,Portulacaria afra,10,Shrub
addo_jack_in_5,Sansevieria hyacinthoides,2,Forb
addo_jack_in_5,Searsia pterota,5,Shrub
addo_jack_in_5,Sideroxylon inerme,10,Tree
addo_jack_in_6,Asparagus africanus,1,Forb
addo_jack_in_6,Asparagus subulatus,1,Forb
addo_jack_in_6,Azima tetracantha,2,Shrub
addo_jack_in_6,Cadaba aphylla,5,Shrub
addo_jack_in_6,Cotyledon velutina,10,Shrub
addo_jack_in_6,Euclea undulata,30,Tree
addo_jack_in_6,Hypoestes aristata,2,Forb
addo_jack_in_6,Lauridia tetragona,10,Shrub
addo_jack_in_6,Portulacaria afra,20,Shrub
addo_jack_in_6,Rhoicissus tridentata,1,Forb
addo_jack_in_6,Sansevieria hyacinthoides,5,Forb
addo_jack_in_6,Searsia pterota,10,Shrub
addo_jack_in_6,Sideroxylon inerme,15,Tree
addo_jack_in_7,Asparagus africanus,2,Shrub
addo_jack_in_7,Asparagus crassicladus,2,Forb
addo_jack_in_7,Asparagus subulatus,2,Forb
addo_jack_in_7,Azima tetracantha,20,Shrub
addo_jack_in_7,Capparis sepiaria,15,Shrub
addo_jack_in_7,Carissa bispinosa,10,Shrub
addo_jack_in_7,Euclea undulata,5,Tree
addo_jack_in_7,Hypoestes aristata,2,Forb
addo_jack_in_7,Ledebouria revoluta,1,Forb
addo_jack_in_7,Panicum deustum,2,Graminoid
addo_jack_in_7,Portulacaria afra,60,Shrub
addo_jack_in_7,Rhoicissus tridentata,2,Forb
addo_jack_in_7,Sansevieria hyacinthoides,1,Forb
addo_jack_in_7,Schotia afra,20,Shrub
addo_jack_in_7,Searsia pterota,5,Shrub
addo_jack_in_8,Asparagus africanus,2,Forb
addo_jack_in_8,Asparagus crassicladus,2,Forb
addo_jack_in_8,Asparagus densiflorus,5,Shrub
addo_jack_in_8,Azima tetracantha,10,Shrub
addo_jack_in_8,Cadaba aphylla,2,Shrub
addo_jack_in_8,Cotyledon velutina,1,Shrub
addo_jack_in_8,Euclea undulata,25,Shrub
addo_jack_in_8,Hypoestes aristata,1,Forb
addo_jack_in_8,Portulacaria afra,50,Shrub
addo_jack_in_8,Sansevieria hyacinthoides,1,Forb
addo_jack_in_8,Schotia afra,25,Shrub
addo_jack_in_8,Searsia pterota,5,Shrub
addo_jack_in_9,Azima tetracantha,10,Shrub
addo_jack_in_9,Cadaba aphylla,10,Shrub
addo_jack_in_9,Capparis sepiaria,10,Shrub
addo_jack_in_9,Crassula ovata,5,Shrub
addo_jack_in_9,Portulacaria afra,60,Shrub
addo_jack_in_9,Sansevieria hyacinthoides,10,Forb
addo_jack_in_9,Schotia afra,30,Tree
addo_jack_out_1,Asparagus densiflorus,5,Shrub
addo_jack_out_1,Asparagus striatus,2,Forb
addo_jack_out_1,Azima tetracantha,10,Shrub
addo_jack_out_1,Cadaba aphylla,5,Shrub
addo_jack_out_1,Capparis sepiaria,15,Shrub
addo_jack_out_1,Chaenostoma campanulatum,5,Forb
addo_jack_out_1,Crassula cultrata,2,Forb
addo_jack_out_1,Cynodon dactylon,1,Graminoid
addo_jack_out_1,Drosanthemum hispidum,2,Forb
addo_jack_out_1,Euclea undulata,10,Tree
addo_jack_out_1,Panicum deustum,2,Graminoid
addo_jack_out_1,Portulacaria afra,5,Shrub
addo_jack_out_1,Rhoicissus tridentata,2,Forb
addo_jack_out_1,Sansevieria hyacinthoides,2,Forb
addo_jack_out_1,Schotia afra,5,Tree
addo_jack_out_1,Sideroxylon inerme,20,Tree
addo_jack_out_10,Asparagus burchellii,1,Shrub
addo_jack_out_10,Asparagus crassicladus,2,Shrub
addo_jack_out_10,Asparagus densiflorus,2,Shrub
addo_jack_out_10,Asparagus striatus,5,Forb
addo_jack_out_10,Azima tetracantha,10,Shrub
addo_jack_out_10,Cynodon dactylon,40,Graminoid
addo_jack_out_10,Euclea undulata,10,Tree
addo_jack_out_10,Plumbago auriculata,10,Forb
addo_jack_out_10,Portulacaria afra,5,Shrub
addo_jack_out_10,Schotia afra,5,Tree
addo_jack_out_10,Searsia pterota,2,Shrub
addo_jack_out_11,Asparagus densiflorus,5,Shrub
addo_jack_out_11,Asparagus striatus,5,Forb
addo_jack_out_11,Azima tetracantha,5,Shrub
addo_jack_out_11,Cadaba aphylla,2,Shrub
addo_jack_out_11,Capparis sepiaria,10,Shrub
addo_jack_out_11,Chaenostoma campanulatum,1,Forb
addo_jack_out_11,Cynodon dactylon,80,Graminoid
addo_jack_out_11,Euclea undulata,10,Tree
addo_jack_out_11,Plumbago auriculata,2,Forb
addo_jack_out_11,Portulacaria afra,10,Shrub
addo_jack_out_11,Rhoicissus tridentata,2,Forb
addo_jack_out_11,Schotia afra,5,Tree
addo_jack_out_12,Azima tetracantha,15,Shrub
addo_jack_out_12,Capparis sepiaria,10,Shrub
addo_jack_out_12,Commelina benghalensis,2,Forb
addo_jack_out_12,Crassula cultrata,5,Forb
addo_jack_out_12,Crassula ovata,5,Shrub
addo_jack_out_12,Cynodon dactylon,50,Graminoid
addo_jack_out_12,Euclea undulata,5,Tree
addo_jack_out_12,Panicum maximum,1,Graminoid
addo_jack_out_12,Plumbago auriculata,2,Forb
addo_jack_out_12,Rhoicissus tridentata,2,Forb
addo_jack_out_12,Tragus berteronianus,1,Graminoid
addo_jack_out_13,Aizoon pubescens,2,Forb
addo_jack_out_13,Asparagus densiflorus,5,Shrub
addo_jack_out_13,Azima tetracantha,20,Shrub
addo_jack_out_13,Cadaba aphylla,5,Shrub
addo_jack_out_13,Capparis sepiaria,15,Shrub
addo_jack_out_13,Chaenostoma campanulatum,50,Forb
addo_jack_out_13,Commelina benghalensis,1,Forb
addo_jack_out_13,Drosanthemum hispidum,2,Forb
addo_jack_out_13,Euclea undulata,20,Tree
addo_jack_out_13,Gymnosporia polyacanthus,2,Shrub
addo_jack_out_13,Plumbago auriculata,5,Forb
addo_jack_out_13,Portulacaria afra,25,Shrub
addo_jack_out_13,Schotia afra,5,Tree
addo_jack_out_14,Asparagus africanus,2,Shrub
addo_jack_out_14,Azima tetracantha,20,Shrub
addo_jack_out_14,Euclea undulata,20,Tree
addo_jack_out_14,Plumbago auriculata,5,Forb
addo_jack_out_14,Portulacaria afra,10,Shrub
addo_jack_out_14,Rhoicissus tridentata,2,Forb
addo_jack_out_14,Schotia afra,5,Tree
addo_jack_out_15,Asparagus burchellii,1,Forb
addo_jack_out_15,Asparagus crassicladus,1,Shrub
addo_jack_out_15,Asparagus densiflorus,2,Shrub
addo_jack_out_15,Asparagus striatus,5,Forb
addo_jack_out_15,Azima tetracantha,10,Shrub
addo_jack_out_15,Capparis sepiaria,30,Shrub
addo_jack_out_15,Chaenostoma campanulatum,2,Forb
addo_jack_out_15,Crassula cultrata,5,Forb
addo_jack_out_15,Cynanchum viminalie,2,Forb
addo_jack_out_15,Euclea undulata,30,Tree
addo_jack_out_15,Panicum maximum,1,Graminoid
addo_jack_out_15,Plumbago auriculata,35,Forb
addo_jack_out_15,Portulacaria afra,10,Shrub
addo_jack_out_15,Sansevieria hyacinthoides,2,Forb
addo_jack_out_15,Schotia afra,10,Tree
addo_jack_out_15,Searsia pterota,5,Shrub
addo_jack_out_16,Asparagus burchellii,1,Shrub
addo_jack_out_16,Asparagus crassicladus,2,Shrub
addo_jack_out_16,Asparagus densiflorus,2,Shrub
addo_jack_out_16,Azima tetracantha,15,Shrub
addo_jack_out_16,Capparis sepiaria,20,Shrub
addo_jack_out_16,Commelina benghalensis,5,Forb
addo_jack_out_16,Crassula expansa,5,Forb
addo_jack_out_16,Crassula spathulata,40,Forb
addo_jack_out_16,Euclea undulata,35,Tree
addo_jack_out_16,Pappea capensis,1,Shrub
addo_jack_out_16,Plumbago auriculata,20,Forb
addo_jack_out_16,Portulacaria afra,15,Shrub
addo_jack_out_16,Rhoicissus tridentata,2,Forb
addo_jack_out_17,Asparagus crassicladus,2,Shrub
addo_jack_out_17,Asparagus subulatus,2,Forb
addo_jack_out_17,Azima tetracantha,10,Shrub
addo_jack_out_17,Capparis sepiaria,15,Shrub
addo_jack_out_17,Chaenostoma campanulatum,2,Forb
addo_jack_out_17,Commelina benghalensis,2,Forb
addo_jack_out_17,Crassula cultrata,2,Forb
addo_jack_out_17,Cynodon dactylon,60,Graminoid
addo_jack_out_17,Drosanthemum hispidum,2,Forb
addo_jack_out_17,Euclea undulata,35,Tree
addo_jack_out_17,Panicum maximum,2,Graminoid
addo_jack_out_17,Portulacaria afra,40,Shrub
addo_jack_out_17,Schotia afra,5,Tree
addo_jack_out_18,Asparagus crassicladus,2,Shrub
addo_jack_out_18,Asparagus densiflorus,5,Shrub
addo_jack_out_18,Azima tetracantha,20,Shrub
addo_jack_out_18,Capparis sepiaria,50,Shrub
addo_jack_out_18,Chaenostoma campanulatum,2,Forb
addo_jack_out_18,Commelina benghalensis,20,Forb
addo_jack_out_18,Cynanchum viminalie,1,Forb
addo_jack_out_18,Euclea undulata,40,Tree
addo_jack_out_18,Panicum maximum,2,Graminoid
addo_jack_out_18,Portulacaria afra,10,Shrub
addo_jack_out_18,Putterlickia pyracantha,5,Shrub
addo_jack_out_18,Searsia pterota,10,Shrub
addo_jack_out_2,Asparagus africanus,5,Shrub
addo_jack_out_2,Asparagus densiflorus,5,Shrub
addo_jack_out_2,Asparagus striatus,1,Forb
addo_jack_out_2,Azima tetracantha,35,Shrub
addo_jack_out_2,Cadaba aphylla,2,Shrub
addo_jack_out_2,Capparis sepiaria,20,Shrub
addo_jack_out_2,Crassula cultrata,20,Forb
addo_jack_out_2,Crassula ovata,5,Shrub
addo_jack_out_2,Cynodon dactylon,10,Graminoid
addo_jack_out_2,Euclea undulata,40,Tree
addo_jack_out_2,Sansevieria hyacinthoides,2,Forb
addo_jack_out_2,Schotia afra,5,Tree
addo_jack_out_3,Asparagus densiflorus,2,Shrub
addo_jack_out_3,Asparagus striatus,1,Forb
addo_jack_out_3,Azima tetracantha,10,Shrub
addo_jack_out_3,Cadaba aphylla,10,Shrub
addo_jack_out_3,Capparis sepiaria,5,Shrub
addo_jack_out_3,Carissa bispinosa,5,Shrub
addo_jack_out_3,Chaenostoma campanulatum,1,Forb
addo_jack_out_3,Commelina africana,1,Forb
addo_jack_out_3,Commelina benghalensis,1,Forb
addo_jack_out_3,Crassula ovata,5,Shrub
addo_jack_out_3,Cynodon dactylon,30,Graminoid
addo_jack_out_3,Drosanthemum hispidum,5,Forb
addo_jack_out_3,Euclea undulata,20,Tree
addo_jack_out_3,Ledebouria revoluta,2,Forb
addo_jack_out_3,Panicum deustum,5,Graminoid
addo_jack_out_3,Schotia afra,5,Tree
addo_jack_out_4,Abutilon sonneratianum,1,Forb
addo_jack_out_4,Asparagus africanus,2,Shrub
addo_jack_out_4,Asparagus crassicladus,2,Shrub
addo_jack_out_4,Azima tetracantha,5,Shrub
addo_jack_out_4,Capparis sepiaria,5,Shrub
addo_jack_out_4,Chaenostoma campanulatum,1,Forb
addo_jack_out_4,Cynodon dactylon,10,Graminoid
addo_jack_out_4,Euclea undulata,5,Shrub
addo_jack_out_4,Panicum deustum,2,Graminoid
addo_jack_out_4,Portulacaria afra,25,Shrub
addo_jack_out_5,Asparagus crassicladus,2,Shrub
addo_jack_out_5,Azima tetracantha,5,Shrub
addo_jack_out_5,Capparis sepiaria,5,Shrub
addo_jack_out_5,Chaenostoma campanulatum,1,Forb
addo_jack_out_5,Cynodon dactylon,30,Graminoid
addo_jack_out_5,Panicum deustum,1,Graminoid
addo_jack_out_5,Portulacaria afra,40,Shrub
addo_jack_out_6,Asparagus africanus,2,Shrub
addo_jack_out_6,Azima tetracantha,5,Shrub
addo_jack_out_6,Capparis sepiaria,15,Shrub
addo_jack_out_6,Commelina benghalensis,2,Forb
addo_jack_out_6,Crassula ovata,2,Shrub
addo_jack_out_6,Euclea undulata,25,Tree
addo_jack_out_6,Plumbago auriculata,5,Forb
addo_jack_out_6,Portulacaria afra,5,Shrub
addo_jack_out_6,Putterlickia pyracantha,1,Shrub
addo_jack_out_6,Rhoicissus tridentata,2,Forb
addo_jack_out_6,Sansevieria hyacinthoides,2,Forb
addo_jack_out_7,Asparagus africanus,2,Shrub
addo_jack_out_7,Asparagus burchellii,2,Shrub
addo_jack_out_7,Asparagus crassicladus,2,Shrub
addo_jack_out_7,Azima tetracantha,5,Shrub
addo_jack_out_7,Cadaba aphylla,2,Shrub
addo_jack_out_7,Capparis sepiaria,5,Shrub
addo_jack_out_7,Commelina africana,2,Forb
addo_jack_out_7,Euclea undulata,5,Tree
addo_jack_out_7,Panicum deustum,5,Graminoid
addo_jack_out_7,Portulacaria afra,10,Shrub
addo_jack_out_7,Schotia afra,10,Tree
addo_jack_out_7,Sideroxylon inerme,5,Tree
addo_jack_out_8,Abutilon sonneratianum,2,Forb
addo_jack_out_8,Asparagus densiflorus,2,Shrub
addo_jack_out_8,Azima tetracantha,5,Shrub
addo_jack_out_8,Cadaba aphylla,2,Shrub
addo_jack_out_8,Capparis sepiaria,5,Shrub
addo_jack_out_8,Chaenostoma campanulatum,5,Forb
addo_jack_out_8,Euclea undulata,5,Tree
addo_jack_out_8,Gymnosporia polyacanthus,2,Shrub
addo_jack_out_8,Panicum maximum,1,Graminoid
addo_jack_out_8,Portulacaria afra,10,Shrub
addo_jack_out_8,Schotia afra,10,Tree
addo_jack_out_8,Searsia pterota,2,Shrub
addo_jack_out_9,Asparagus burchellii,2,Forb
addo_jack_out_9,Asparagus densiflorus,2,Shrub
addo_jack_out_9,Asparagus subulatus,1,Forb
addo_jack_out_9,Azima tetracantha,10,Shrub
addo_jack_out_9,Capparis sepiaria,10,Shrub
addo_jack_out_9,Chaenostoma campanulatum,1,Forb
addo_jack_out_9,Commelina africana,1,Forb
addo_jack_out_9,Commelina benghalensis,5,Forb
addo_jack_out_9,Cynodon dactylon,20,Graminoid
addo_jack_out_9,Euclea undulata,25,Tree
addo_jack_out_9,Panicum maximum,5,Graminoid
addo_jack_out_9,Portulacaria afra,10,Shrub
addo_jack_out_9,Rhoicissus tridentata,2,Forb
addo_n1_full_in_0,Azima tetracantha,2,Shrub
addo_n1_full_in_0,Capparis sepiaria,10,Shrub
addo_n1_full_in_0,Carissa bispinosa,5,Shrub
addo_n1_full_in_0,Euclea undulata,10,Tree
addo_n1_full_in_0,Grewia occidentalis,2,Shrub
addo_n1_full_in_0,Panicum deustum,1,Graminoid
addo_n1_full_in_0,Portulacaria afra,10,Tree
addo_n1_full_in_0,Schotia afra,5,Tree
addo_n1_full_in_0,Searsia incisa,10,Tree
addo_n1_full_in_0,Searsia laevigata,5,Tree
addo_n1_full_in_0,Searsia pterota,1,Shrub
addo_n1_full_in_1,Asparagus subulatus,2,Forb
addo_n1_full_in_1,Azima tetracantha,10,Shrub
addo_n1_full_in_1,Capparis sepiaria,30,Shrub
addo_n1_full_in_1,Cheilanthes viridis ,1,Forb
addo_n1_full_in_1,Commelina africana,1,Forb
addo_n1_full_in_1,Commelina benghalensis,5,Forb
addo_n1_full_in_1,Cynanchum viminalie,5,Forb
addo_n1_full_in_1,Euclea undulata,10,Tree
addo_n1_full_in_1,Gymnosporia polyacanthus,2,Shrub
addo_n1_full_in_1,Panicum maximum,2,Grass
addo_n1_full_in_1,Portulacaria afra,40,Shrub
addo_n1_full_in_1,Rhoicissus digitata,2,Forb
addo_n1_full_in_1,Rhoicissus tridentata,1,Forb
addo_n1_full_in_1,Sansevieria hyacinthoides,2,Forb
addo_n1_full_in_1,Schotia afra,40,Tree
addo_n1_full_in_2,Asparagus crassicladus,2,Forb
addo_n1_full_in_2,Azima tetracantha,30,Shrub
addo_n1_full_in_2,Capparis sepiaria,15,Shrub
addo_n1_full_in_2,Cynanchum viminalie,5,Forb
addo_n1_full_in_2,Euclea undulata,25,Tree
addo_n1_full_in_2,Portulacaria afra,60,Shrub
addo_n1_full_in_2,Rhoicissus digitata,5,Forb
addo_n1_full_in_2,Sansevieria hyacinthoides,20,Forb
addo_n1_full_in_2,Schotia afra,10,Tree
addo_n1_full_in_2,Searsia pterota,1,Shrub
addo_n1_full_in_3,Asparagus asparagoides,1,Forb
addo_n1_full_in_3,Asparagus densiflorus,5,Forb
addo_n1_full_in_3,Azima tetracantha,20,Shrub
addo_n1_full_in_3,Capparis sepiaria,10,Shrub
addo_n1_full_in_3,Carissa bispinosa,60,Shrub
addo_n1_full_in_3,Cynanchum viminalie,2,Forb
addo_n1_full_in_3,Euclea undulata,10,Tree
addo_n1_full_in_3,Gymnosporia buxifolia,5,Shrub
addo_n1_full_in_3,Gymnosporia polyacanthus,5,Shrub
addo_n1_full_in_3,Portulacaria afra,30,Shrub
addo_n1_full_in_3,Sansevieria hyacinthoides,5,Forb
addo_n1_full_in_3,Schotia afra,15,Tree
addo_n1_full_in_4,Azima tetracantha,10,Shrub
addo_n1_full_in_4,Capparis sepiaria,35,Shrub
addo_n1_full_in_4,Cynanchum viminalie,1,Forb
addo_n1_full_in_4,Euclea undulata,20,Tree
addo_n1_full_in_4,Gymnosporia buxifolia,2,Shrub
addo_n1_full_in_4,Gymnosporia polyacanthus,5,Shrub
addo_n1_full_in_4,Portulacaria afra,50,Shrub
addo_n1_full_in_4,Rhoicissus digitata,2,Forb
addo_n1_full_in_4,Sansevieria hyacinthoides,2,Forb
addo_n1_full_in_4,Schotia afra,20,Tree
addo_n1_full_in_4,Searsia pterota,1,Shrub
addo_n1_full_in_5,Azima tetracantha,20,Shrub
addo_n1_full_in_5,Capparis sepiaria,20,Shrub
addo_n1_full_in_5,Carissa bispinosa,10,Shrub
addo_n1_full_in_5,Euclea undulata,40,Tree
addo_n1_full_in_5,Gymnosporia buxifolia,2,Shrub
addo_n1_full_in_5,Schotia afra,20,Tree
addo_n1_full_in_5,Searsia laevigata,2,Shrub
addo_n1_full_out_0,Azima tetracantha,20,Shrub
addo_n1_full_out_0,Commelina africana,1,Forb
addo_n1_full_out_0,Gymnosporia polyacanthus,5,Shrub
addo_n1_full_out_0,Panicum deustum,1,Graminoid
addo_n1_full_out_0,Plumbago auriculata,2,Forb
addo_n1_full_out_0,Portulacaria afra,15,Shrub
addo_n1_full_out_0,Putterlickia pyracantha,1,Shrub
addo_n1_full_out_0,Schotia afra,2,Tree
addo_n1_full_out_1,Asparagus crassicladus,1,Forb
addo_n1_full_out_1,Azima tetracantha,10,Shrub
addo_n1_full_out_1,Capparis sepiaria,10,Shrub
addo_n1_full_out_1,Carissa bispinosa,25,Shrub
addo_n1_full_out_1,Grewia occidentalis,2,Forb
addo_n1_full_out_1,Gymnosporia polyacanthus,50,Shrub
addo_n1_full_out_1,Plumbago auriculata,5,Forb
addo_n1_full_out_1,Portulacaria afra,20,Shrub
addo_n1_full_out_1,Schotia afra,5,Tree
addo_n1_full_out_2,Azima tetracantha,10,Shrub
addo_n1_full_out_2,Capparis sepiaria,15,Shrub
addo_n1_full_out_2,Commelina africana,5,Forb
addo_n1_full_out_2,Crassula perforata,2,Forb
addo_n1_full_out_2,Euclea undulata,30,Tree
addo_n1_full_out_2,Gymnosporia polyacanthus,30,Shrub
addo_n1_full_out_2,Portulacaria afra,10,Shrub
addo_n1_full_out_2,Schotia afra,5,Tree
addo_n1_full_out_2,Searsia pterota,5,Shrub
addo_n1_full_out_3,Azima tetracantha,20,Shrub
addo_n1_full_out_3,Capparis sepiaria,25,Shrub
addo_n1_full_out_3,Carissa bispinosa,10,Shrub
addo_n1_full_out_3,Euclea undulata,15,Shrub
addo_n1_full_out_3,Maerua caffra,2,Tree
addo_n1_full_out_3,Portulacaria afra,10,Shrub
addo_n1_full_out_3,Rhoicissus digitata,5,Forb
addo_n1_full_out_3,Schotia afra,5,Tree
addo_n1_full_out_3,Searsia incisa,5,Shrub
addo_n1_full_out_4,Asparagus subulatus,1,Forb
addo_n1_full_out_4,Azima tetracantha,20,Shrub
addo_n1_full_out_4,Capparis sepiaria,15,Shrub
addo_n1_full_out_4,Carissa bispinosa,20,Shrub
addo_n1_full_out_4,Euclea undulata,5,Tree
addo_n1_full_out_4,Gymnosporia polyacanthus,5,Shrub
addo_n1_full_out_4,Panicum deustum,2,Graminoid
addo_n1_full_out_4,Portulacaria afra,20,Shrub
addo_n1_full_out_4,Sansevieria hyacinthoides,1,Forb
addo_n1_full_out_4,Schotia afra,10,Tree
addo_n1_full_out_5,Asparagus subulatus,1,Forb
addo_n1_full_out_5,Azima tetracantha,20,Shrub
addo_n1_full_out_5,Carissa bispinosa,10,Shrub
addo_n1_full_out_5,Commelina africana,1,Forb
addo_n1_full_out_5,Crassula perforata,2,Forb
addo_n1_full_out_5,Crassula splathulata,30,Forb
addo_n1_full_out_5,Gymnosporia polyacanthus,30,Shrub
addo_n1_full_out_5,Hypoestes aristata,2,Forb
addo_n1_full_out_5,Panicum deustum,1,Graminoid
addo_n1_full_out_5,Plumbago auriculata,1,Forb
addo_n1_full_out_5,Portulacaria afra,50,Shrub
addo_n1_full_out_5,Ptaeroxylon obliquum,5,Tree
addo_n2_full_in_0,Asparagus asparagoides,1,Forb
addo_n2_full_in_0,Capparis sepiaria,5,Shrub
addo_n2_full_in_0,Crassula spathulata,2,Forb
addo_n2_full_in_0,Euclea undulata,30,Tree
addo_n2_full_in_0,Gymnosporia polyacanthus,1,Shrub
addo_n2_full_in_0,Hypoestes aristata,1,Forb
addo_n2_full_in_0,Ledebouria revoluta,1,Forb
addo_n2_full_in_0,Portulacaria afra,30,Tree
addo_n2_full_in_0,Ptaeroxylon obliquum,1,Shrub
addo_n2_full_in_0,Sansevieria hyacinthoides,1,Forb
addo_n2_full_in_0,Schotia afra,5,Tree
addo_n2_full_in_0,Searsia incisa,5,Tree
addo_n2_full_in_0,Searsia pterota,1,Shrub
addo_n2_full_in_1,Capparis sepiaria,15,Shrub
addo_n2_full_in_1,Carissa bispinosa,5,Shrub
addo_n2_full_in_1,Gymnosporia buxifolia,5,Shrub
addo_n2_full_in_1,Gymnosporia polyacanthus,5,Shrub
addo_n2_full_in_1,Portulacaria afra,40,Shrub
addo_n2_full_in_1,Rhoicissus digitata,1,Tree
addo_n2_full_in_1,Sansevieria hyacinthoides,1,Forb
addo_n2_full_in_1,Schotia afra,10,Shrub
addo_n2_full_in_1,Scutia myrtina,10,Shrub
addo_n2_full_in_1,Searsia incisa,20,Shrub
addo_n2_full_in_2,Azima tetracantha,10,Shrub
addo_n2_full_in_2,Capparis sepiaria,15,Shrub
addo_n2_full_in_2,Cassine peragua,5,Tree
addo_n2_full_in_2,Commelina africana,1,Forb
addo_n2_full_in_2,Euclea undulata,10,Shrub
addo_n2_full_in_2,Grewia occidentalis,5,Shrub
addo_n2_full_in_2,Portulacaria afra,60,Shrub
addo_n2_full_in_2,Scutia myrtina,15,Shrub
addo_n2_full_in_2,Searsia incisa,10,Shrub
addo_n2_full_in_3,Azima tetracantha,40,Shrub
addo_n2_full_in_3,Capparis sepiaria,10,Shrub
addo_n2_full_in_3,Carissa bispinosa,5,Shrub
addo_n2_full_in_3,Cheilanthes viridis ,5,Forb
addo_n2_full_in_3,Cotyledon velutina,5,Forb
addo_n2_full_in_3,Crassula tetragona,2,Forb
addo_n2_full_in_3,Enneapogon scoparus,2,Graminoid
addo_n2_full_in_3,Euclea undulata,5,Tree
addo_n2_full_in_3,Gymnosporia polyacanthus,10,Shrub
addo_n2_full_in_3,Hypoestes aristata,30,Forb
addo_n2_full_in_3,Hypoestes forskaolii,5,Forb
addo_n2_full_in_3,Panicum deustum,1,Graminoid
addo_n2_full_in_3,Portulacaria afra,20,Shrub
addo_n2_full_in_3,Rhoicissus tridentata,2,Forb
addo_n2_full_in_3,Schotia afra,5,Tree
addo_n2_full_in_4,Capparis sepiaria,20,Shrub
addo_n2_full_in_4,Cheilanthes viridis ,2,Forb
addo_n2_full_in_4,Crassula splathulata,1,Forb
addo_n2_full_in_4,Grewia occidentalis,10,Shrub
addo_n2_full_in_4,Gymnosporia polyacanthus,20,Shrub
addo_n2_full_in_4,Ledebouria revoluta,1,Forb
addo_n2_full_in_4,Panicum deustum,2,Graminoid
addo_n2_full_in_4,Portulacaria afra,60,Shrub
addo_n2_full_in_4,Ptaeroxylon obliquum,5,Tree
addo_n2_full_in_5,Azima tetracantha,5,Shrub
addo_n2_full_in_5,Capparis sepiaria,15,Shrub
addo_n2_full_in_5,Cynanchum ellipticum,1,Forb
addo_n2_full_in_5,Gymnosporia polyacanthus,70,Shrub
addo_n2_full_in_5,Portulacaria afra,25,Shrub
addo_n2_full_out_0,Azima tetracantha,5,Shrub
addo_n2_full_out_0,Capparis sepiaria,25,Shrub
addo_n2_full_out_0,Chaenostoma campanulatum,1,Forb
addo_n2_full_out_0,Commelina africana,1,Forb
addo_n2_full_out_0,Crassula tetragona,1,Forb
addo_n2_full_out_0,Delosperma sabincanum,1,Forb
addo_n2_full_out_0,Euclea undulata,2,Shrub
addo_n2_full_out_0,Gymnosporia polyacanthus,10,Shrub
addo_n2_full_out_0,Hermannia althaeoides,1,Forb
addo_n2_full_out_0,Panicum deustum,1,Graminoid
addo_n2_full_out_0,Plumbago auriculata,10,Forb
addo_n2_full_out_0,Schotia afra,5,Tree
addo_n2_full_out_0,Searsia incisa,10,Tree
addo_n2_full_out_1,Azima tetracantha,25,Shrub
addo_n2_full_out_1,Capparis sepiaria,10,Shrub
addo_n2_full_out_1,Commelina africana,10,Forb
addo_n2_full_out_1,Crassula expansa,2,Forb
addo_n2_full_out_1,Cynanchum ellipticum,5,Forb
addo_n2_full_out_1,Drosanthemum hispidum,10,Forb
addo_n2_full_out_1,Euclea undulata,15,Tree
addo_n2_full_out_1,Hypoestes aristata,15,Forb
addo_n2_full_out_1,Panicum deustum,5,Graminoid
addo_n2_full_out_2,Abutilon sonneratianum,2,Forb
addo_n2_full_out_2,Azima tetracantha,20,Shrub
addo_n2_full_out_2,Capparis sepiaria,15,Shrub
addo_n2_full_out_2,Cynanchum viminalie,2,Forb
addo_n2_full_out_2,Ehretia rigida,15,Tree
addo_n2_full_out_2,Euclea undulata,10,Tree
addo_n2_full_out_2,Hermannia althaeoides,2,Forb
addo_n2_full_out_2,Hypoestes aristata,10,Forb
addo_n2_full_out_2,Panicum deustum,5,Graminoid
addo_n2_full_out_2,Plumbago auriculata,5,Forb
addo_n2_full_out_2,Portulacaria afra,20,Shrub
addo_n2_full_out_2,Searsia incisa,5,Shrub
addo_n2_full_out_3,Azima tetracantha,15,Shrub
addo_n2_full_out_3,Chaenostoma campanulatum,1,Forb
addo_n2_full_out_3,Commelina africana,2,Forb
addo_n2_full_out_3,Crassula spathulata,40,Forb
addo_n2_full_out_3,Euclea undulata,5,Tree
addo_n2_full_out_3,Gymnosporia buxifolia,5,Shrub
addo_n2_full_out_3,Gymnosporia polyacanthus,15,Shrub
addo_n2_full_out_3,Hypoestes aristata,50,Forb
addo_n2_full_out_3,Panicum deustum,5,Graminoid
addo_n2_full_out_3,Portulacaria afra,50,Shrub
addo_n2_full_out_3,Ptaeroxylon obliquum,5,Tree
addo_n2_full_out_3,Schotia afra,10,Tree
addo_n2_full_out_4,Azima tetracantha,5,Shrub
addo_n2_full_out_4,Capparis sepiaria,5,Shrub
addo_n2_full_out_4,Crassula spathulata,10,Forb
addo_n2_full_out_4,Euclea undulata,10,Tree
addo_n2_full_out_4,Gymnosporia polyacanthus,20,Shrub
addo_n2_full_out_4,Hermannia althaeoides,2,Forb
addo_n2_full_out_4,Hypoestes aristata,1,Forb
addo_n2_full_out_4,Panicum deustum,5,Graminoid
addo_n2_full_out_4,Portulacaria afra,20,Shrub
addo_n2_full_out_4,Rhoicissus tridentata,5,Forb
addo_n2_full_out_4,Scutia myrtina,5,Shrub
addo_n2_full_out_4,Searsia incisa,10,Shrub
addo_n2_full_out_5,Azima tetracantha,20,Shrub
addo_n2_full_out_5,Chaenostoma campanulatum,2,Forb
addo_n2_full_out_5,Commelina africana,1,Forb
addo_n2_full_out_5,Drosanthemum hispidum,10,Forb
addo_n2_full_out_5,Panicum deustum,30,Graminoid
addo_n2_full_out_5,Portulacaria afra,10,Shrub
addo_n2_full_out_5,Searsia incisa,30,Shrub
addo_n2_full_out_5,Selago corymbosa,2,Forb
addo_n3_full_in_0,Asparagus crassicladus,2,Shrub
addo_n3_full_in_0,Carissa bispinosa,5,Shrub
addo_n3_full_in_0,Crassula perforata,5,Forb
addo_n3_full_in_0,Flueggea verrucosa,15,Tree
addo_n3_full_in_0,Gymnosporia polyacanthus,5,Tree
addo_n3_full_in_0,Jatropha capensis,2,Shrub
addo_n3_full_in_0,Portulacaria afra,50,Tree
addo_n3_full_in_0,Ptaeroxylon obliquum,20,Tree
addo_n3_full_in_0,Searsia incisa,10,Tree
addo_n3_full_in_1,Capparis sepiaria,5,Shrub
addo_n3_full_in_1,Carissa bispinosa,5,Shrub
addo_n3_full_in_1,Cheilanthes viridis ,5,Forb
addo_n3_full_in_1,Euclea undulata,15,Tree
addo_n3_full_in_1,Flueggea verrucosa,20,Shrub
addo_n3_full_in_1,Grewia occidentalis,5,Shrub
addo_n3_full_in_1,Hypoestes aristata,2,Forb
addo_n3_full_in_1,Jatropha capensis,2,Shrub
addo_n3_full_in_1,Pappea capensis,2,Tree
addo_n3_full_in_1,Portulacaria afra,10,Shrub
addo_n3_full_in_1,Ptaeroxylon obliquum,15,Tree
addo_n3_full_in_2,Capparis sepiaria,10,Shrub
addo_n3_full_in_2,Cheilanthes viridis ,2,Forb
addo_n3_full_in_2,Commelina africana,2,Forb
addo_n3_full_in_2,Crassula spathulata,5,Forb
addo_n3_full_in_2,Euphorbia mauritanica,2,Forb
addo_n3_full_in_2,Grewia occidentalis,2,Shrub
addo_n3_full_in_2,Hypoestes aristata,5,Forb
addo_n3_full_in_2,Jatropha capensis,5,Shrub
addo_n3_full_in_2,Panicum maximum,70,Graminoid
addo_n3_full_in_2,Portulacaria afra,60,Shrub
addo_n3_full_in_2,Ptaeroxylon obliquum,10,Tree
addo_n3_full_in_2,Rhoicissus tridentata,5,Forb
addo_n3_full_in_2,Searsia incisa,5,Shrub
addo_n3_full_in_3,Abutilon sonneratianum,2,Forb
addo_n3_full_in_3,Capparis sepiaria,2,Shrub
addo_n3_full_in_3,Crassula cultrata,5,Forb
addo_n3_full_in_3,Crassula spathulata,2,Forb
addo_n3_full_in_3,Euphorbia mauritanica,1,Forb
addo_n3_full_in_3,Hypoestes aristata,2,Forb
addo_n3_full_in_3,Jatropha capensis,5,Shrub
addo_n3_full_in_3,Pelargonium peltatum,5,Forb
addo_n3_full_in_3,Portulacaria afra,20,Shrub
addo_n3_full_in_3,Ptaeroxylon obliquum,5,Tree
addo_n3_full_in_3,Rhoicissus tridentata,1,Forb
addo_n3_full_in_4,Capparis sepiaria,10,Shrub
addo_n3_full_in_4,Grewia occidentalis,10,Shrub
addo_n3_full_in_4,Hypoestes aristata,5,Forb
addo_n3_full_in_4,Jatropha capensis,10,Shrub
addo_n3_full_in_4,Panicum deustum,5,Graminoid
addo_n3_full_in_4,Portulacaria afra,15,Shrub
addo_n3_full_in_4,Ptaeroxylon obliquum,10,Shrub
addo_n3_full_in_4,Putterlickia pyracantha,15,Shrub
addo_n3_full_in_4,Rhoicissus digitata,10,Forb
addo_n3_full_in_4,Senecio angulatus,2,Forb
addo_n3_full_in_5,Asparagus africanus,2,Forb
addo_n3_full_in_5,Capparis sepiaria,10,Shrub
addo_n3_full_in_5,Euclea undulata,15,Tree
addo_n3_full_in_5,Hypoestes aristata,1,Forb
addo_n3_full_in_5,Panicum deustum,20,Graminoid
addo_n3_full_in_5,Portulacaria afra,50,Shrub
addo_n3_full_in_5,Ptaeroxylon obliquum,5,Tree
addo_n3_full_in_5,Searsia incisa,15,Shrub
addo_n3_full_out_0,Azima tetracantha,2,Shrub
addo_n3_full_out_0,Capparis sepiaria,10,Shrub
addo_n3_full_out_0,Commelina benghalensis,5,Forb
addo_n3_full_out_0,Euclea undulata,5,Tree
addo_n3_full_out_0,Gymnosporia polyacanthus,2,Shrub
addo_n3_full_out_0,Portulacaria afra,25,Shrub
addo_n3_full_out_0,Sansevieria hyacinthoides,5,Forb
addo_n3_full_out_0,Schotia afra,5,Tree
addo_n3_full_out_1,Asparagus subulatus,1,Forb
addo_n3_full_out_1,Capparis sepiaria,20,Shrub
addo_n3_full_out_1,Hypoestes aristata,10,Forb
addo_n3_full_out_1,Panicum deustum,20,Graminoid
addo_n3_full_out_1,Portulacaria afra,15,Shrub
addo_n3_full_out_1,Putterlickia pyracantha,20,Shrub
addo_n3_full_out_1,Sansevieria hyacinthoides,2,Forb
addo_n3_full_out_1,Schotia afra,5,Tree
addo_n3_full_out_1,Searsia incisa,5,Shrub
addo_n3_full_out_2,Asparagus crassicladus,1,Forb
addo_n3_full_out_2,Azima tetracantha,15,Shrub
addo_n3_full_out_2,Capparis sepiaria,15,Shrub
addo_n3_full_out_2,Chaenostoma campanulatum,1,Forb
addo_n3_full_out_2,Crassula spathulata,10,Forb
addo_n3_full_out_2,Dalechampia capensis,10,Forb
addo_n3_full_out_2,Drosanthemum hispidum,2,Forb
addo_n3_full_out_2,Euclea undulata,5,Tree
addo_n3_full_out_2,Grewia occidentalis,2,Shrub
addo_n3_full_out_2,Gymnosporia polyacanthus,5,Shrub
addo_n3_full_out_2,Jatropha capensis,5,Shrub
addo_n3_full_out_2,Lauridia tetragona,5,Shrub
addo_n3_full_out_2,Panicum maximum,5,Graminoid
addo_n3_full_out_2,Portulacaria afra,10,Shrub
addo_n3_full_out_2,Schotia afra,10,Tree
addo_n3_full_out_3,Capparis sepiaria,10,Shrub
addo_n3_full_out_3,Crassula expansa,1,Forb
addo_n3_full_out_3,Cynodon dactylon,60,Graminoid
addo_n3_full_out_3,Hypoestes forskaolii,5,Forb
addo_n3_full_out_3,Panicum maximum,5,Graminoid
addo_n3_full_out_3,Portulacaria afra,15,Shrub
addo_n3_full_out_3,Ptaeroxylon obliquum,5,Tree
addo_n3_full_out_3,Putterlickia pyracantha,5,Shrub
addo_n3_full_out_4,Abutilon sonneratianum,1,Forb
addo_n3_full_out_4,Asparagus crassicladus,5,Forb
addo_n3_full_out_4,Capparis sepiaria,5,Shrub
addo_n3_full_out_4,Commelina africana,20,Forb
addo_n3_full_out_4,Crassula splathulata,30,Forb
addo_n3_full_out_4,Hypoestes aristata,2,Forb
addo_n3_full_out_4,Ipomea ficifolia,5,Forb
addo_n3_full_out_4,Panicum deustum,15,Graminoid
addo_n3_full_out_4,Portulacaria afra,35,Shrub
addo_n3_full_out_4,Ptaeroxylon obliquum,2,Tree
addo_n3_full_out_4,Schotia afra,5,Tree
addo_n3_full_out_5,Asparagus crassicladus,5,Forb
addo_n3_full_out_5,Asparagus subulatus,1,Forb
addo_n3_full_out_5,Azima tetracantha,30,Shrub
addo_n3_full_out_5,Capparis sepiaria,10,Shrub
addo_n3_full_out_5,Commelina africana,5,Forb
addo_n3_full_out_5,Gymnosporia polyacanthus,5,Shrub
addo_n3_full_out_5,Hypoestes aristata,2,Forb
addo_n3_full_out_5,Panicum deustum,15,Graminoid
addo_n3_full_out_5,Plumbago auriculata,10,Forb
addo_n3_full_out_5,Portulacaria afra,50,Shrub
addo_n3_full_out_5,Ptaeroxylon obliquum,5,Tree
addo_n3_full_out_5,Rhoicissus tridentata,5,Forb
knp_nkuhlu_full_in_1,Abutilon rehmannii,1,Forb
knp_nkuhlu_full_in_1,Combretum apiculatum,20,Tree
knp_nkuhlu_full_in_1,Combretum hereroense,10,Tree
knp_nkuhlu_full_in_1,Dichrostachys cinerea,60,Shrub
knp_nkuhlu_full_in_1,Euclea divinorum,2,Shrub
knp_nkuhlu_full_in_1,Hibiscus vitifolius,1,Forb
knp_nkuhlu_full_in_1,Panicum maximum,20,Graminoid
knp_nkuhlu_full_in_1,Solanum campylacanthum,5,Forb
knp_nkuhlu_full_in_1,Waltheria indica,10,Forb
knp_nkuhlu_full_in_10,Combretum apiculatum,5,Tree
knp_nkuhlu_full_in_10,Commiphora africana,2,Shrub
knp_nkuhlu_full_in_10,Cyperus cyperoides,2,Graminoid
knp_nkuhlu_full_in_10,Dalbergia melanoxylon,1,Shrub
knp_nkuhlu_full_in_10,Dichrostachys cinerea,65,Graminoid
knp_nkuhlu_full_in_10,Evolvulus alsinoides,1,Forb
knp_nkuhlu_full_in_10,Panicum maximum,1,Graminoid
knp_nkuhlu_full_in_10,Syncolostemon bracteosus,1,Forb
knp_nkuhlu_full_in_10,Tephrosia purpurea,2,Forb
knp_nkuhlu_full_in_10,Vachellia gerrardii,5,Tree
knp_nkuhlu_full_in_11,Cheilanthes viridis,1,Forb
knp_nkuhlu_full_in_11,Cissus cornifolius,20,Shrub
knp_nkuhlu_full_in_11,Digitaria eriantha,1,Graminoid
knp_nkuhlu_full_in_11,Evolvulus alsinoides,1,Forb
knp_nkuhlu_full_in_11,Grewia flavescens,45,Shrub
knp_nkuhlu_full_in_11,Melhania prostrata,1,Forb
knp_nkuhlu_full_in_11,Panicum maximum,45,Graminoid
knp_nkuhlu_full_in_11,Rhynchosia totta,1,Forb
knp_nkuhlu_full_in_11,Syncolostemon bracteosus,1,Forb
knp_nkuhlu_full_in_12,Chamaecrista absus,1,Forb
knp_nkuhlu_full_in_12,Crabbea hirsuta,1,Forb
knp_nkuhlu_full_in_12,Evolvulus alsinoides,1,Forb
knp_nkuhlu_full_in_12,Grewia bicolor,20,Shrub
knp_nkuhlu_full_in_12,Grewia flavescens,20,Shrub
knp_nkuhlu_full_in_12,Melhania acuminata,1,Forb
knp_nkuhlu_full_in_12,Panicum maximum,50,Graminoid
knp_nkuhlu_full_in_12,Phyllanthus tenellus,1,Forb
knp_nkuhlu_full_in_12,Waltheria indica,5,Forb
knp_nkuhlu_full_in_13,Cheilanthes viridis,2,Forb
knp_nkuhlu_full_in_13,Cordylostigma virgatum,1,Forb
knp_nkuhlu_full_in_13,Digitaria eriantha,95,Graminoid
knp_nkuhlu_full_in_13,Vachellia exuvialis,10,Forb
knp_nkuhlu_full_in_14,Cordylostigma virgatum,1,Forb
knp_nkuhlu_full_in_14,Digitaria eriantha,80,Graminoid
knp_nkuhlu_full_in_14,Evolvulus alsinoides,1,Forb
knp_nkuhlu_full_in_14,Grewia flava,2,Shrub
knp_nkuhlu_full_in_14,Litogyne gariepina,20,Forb
knp_nkuhlu_full_in_14,Panicum maximum,5,Graminoid
knp_nkuhlu_full_in_14,Vachellia exuvialis,2,Tree
knp_nkuhlu_full_in_14,Waltheria indica,5,Forb
knp_nkuhlu_full_in_15,Digitaria eriantha,1,Graminoid
knp_nkuhlu_full_in_15,Grewia bicolor,15,Graminoid
knp_nkuhlu_full_in_15,Panicum maximum,90,Graminoid
knp_nkuhlu_full_in_16,Abutilon rehmannii,1,Forb
knp_nkuhlu_full_in_16,Combretum apiculatum,5,Tree
knp_nkuhlu_full_in_16,Dichrostachys cinerea,1,Shrub
knp_nkuhlu_full_in_16,Grewia flavescens,15,Shrub
knp_nkuhlu_full_in_16,Panicum maximum,100,Graminoid
knp_nkuhlu_full_in_17,Dichrostachys cinerea,5,Shrub
knp_nkuhlu_full_in_17,Grewia bicolor,20,Shrub
knp_nkuhlu_full_in_17,Grewia villosa,2,Shrub
knp_nkuhlu_full_in_17,Panicum maximum,70,Graminoid
knp_nkuhlu_full_in_17,Phyllanthus maderaspatensis,1,Forb
knp_nkuhlu_full_in_17,Ruellia patula,1,Forb
knp_nkuhlu_full_in_17,Senegalia nigrescens,1,Shrub
knp_nkuhlu_full_in_18,Grewia bicolor,30,Shrub
knp_nkuhlu_full_in_18,Panicum maximum,95,Graminoid
knp_nkuhlu_full_in_18,Ruellia patula,1,Forb
knp_nkuhlu_full_in_18,Talinum afrum,1,Forb
knp_nkuhlu_full_in_18,Tragia dioica,1,Forb
knp_nkuhlu_full_in_2,Combretum apiculatum,1,Tree
knp_nkuhlu_full_in_2,Combretum hereroense,111,Tree
knp_nkuhlu_full_in_2,Commiphora africana,2,Shrub
knp_nkuhlu_full_in_2,Cyperus dubius,1,Graminoid
knp_nkuhlu_full_in_2,Dichrostachys cinerea,15,Shrub
knp_nkuhlu_full_in_2,Grewia flavescens,30,Shrub
knp_nkuhlu_full_in_2,Hermbstaedtia odorata,1,Forb
knp_nkuhlu_full_in_2,Hibiscus micranthus,1,Forb
knp_nkuhlu_full_in_2,Hibiscus vitifolius,1,Forb
knp_nkuhlu_full_in_2,Melhania prostrata,1,Forb
knp_nkuhlu_full_in_2,Phyllanthus tenellus,1,Forb
knp_nkuhlu_full_in_2,Ruellia patula,1,Forb
knp_nkuhlu_full_in_2,Senegalia nigrescens,20,Tree
knp_nkuhlu_full_in_2,Thunbergia natalensis,1,Forb
knp_nkuhlu_full_in_3,Dichrostachys cinerea,30,Shrub
knp_nkuhlu_full_in_3,Grewia flavescens,20,Shrub
knp_nkuhlu_full_in_3,Gymnosporia maranguensis,15,Tree
knp_nkuhlu_full_in_3,Hibiscus vitifolius,1,Forb
knp_nkuhlu_full_in_3,Panicum maximum,80,Graminoid
knp_nkuhlu_full_in_4,Abutilon rehmannii,1,Forb
knp_nkuhlu_full_in_4,Dichrostachys cinerea,5,Shrub
knp_nkuhlu_full_in_4,Euclea divinorum,5,Shrub
knp_nkuhlu_full_in_4,Evolvulus alsinoides,1,Forb
knp_nkuhlu_full_in_4,Grewia flavescens,1,Shrub
knp_nkuhlu_full_in_4,Ozoroa sphaerocarpa,1,Shrub
knp_nkuhlu_full_in_4,Panicum maximum,95,Graminoid
knp_nkuhlu_full_in_4,Senegalia nigrescens,10,Tree
knp_nkuhlu_full_in_4,Vachellia grandicornuta,20,Tree
knp_nkuhlu_full_in_5,Combretum apiculatum,5,Tree
knp_nkuhlu_full_in_5,Combretum hereroense,1,Tree
knp_nkuhlu_full_in_5,Cordylostigma virgatum,15,Forb
knp_nkuhlu_full_in_5,Dichrostachys cinerea,15,Shrub
knp_nkuhlu_full_in_5,Grewia flavescens,5,Shrub
knp_nkuhlu_full_in_5,Panicum maximum,60,Graminoid
knp_nkuhlu_full_in_5,Rhynchosia totta,1,Forb
knp_nkuhlu_full_in_5,Senegalia nigrescens,1,Tree
knp_nkuhlu_full_in_5,Urochloa mosambicensis,2,Graminoid
knp_nkuhlu_full_in_6,Cheilanthes viridis,1,Forb
knp_nkuhlu_full_in_6,Digitaria eriantha,5,Graminoid
knp_nkuhlu_full_in_6,Grewia flavescens,2,Shrub
knp_nkuhlu_full_in_6,Panicum maximum,90,Graminoid
knp_nkuhlu_full_in_6,Solanum campylacanthum,1,Forb
knp_nkuhlu_full_in_6,Waltheria indica,1,Forb
knp_nkuhlu_full_in_7,Dichrostachys cinerea,1,Shrub
knp_nkuhlu_full_in_7,Evolvulus alsinoides,1,Forb
knp_nkuhlu_full_in_7,Lannea schweinfurthii,10,Tree
knp_nkuhlu_full_in_7,Melhania acuminata,1,Forb
knp_nkuhlu_full_in_7,Panicum maximum,85,Graminoid
knp_nkuhlu_full_in_7,Tephrosia purpurea,1,Forb
knp_nkuhlu_full_in_7,Vachellia gerrardii,5,Tree
knp_nkuhlu_full_in_7,Waltheria indica,1,Forb
knp_nkuhlu_full_in_8,Dichrostachys cinerea,15,Shrub
knp_nkuhlu_full_in_8,Grewia flavescens,20,Shrub
knp_nkuhlu_full_in_8,Hibiscus micranthus,1,Forb
knp_nkuhlu_full_in_8,Panicum maximum,80,Graminoid
knp_nkuhlu_full_in_8,Vachellia gerrardii,2,Tree
knp_nkuhlu_full_in_8,Waltheria indica,1,Forb
knp_nkuhlu_full_in_9,Chamaecrista absus,1,Forb
knp_nkuhlu_full_in_9,Evolvulus alsinoides,1,Forb
knp_nkuhlu_full_in_9,Heteropogon contortus,60,Graminoid
knp_nkuhlu_full_in_9,Panicum maximum,15,Graminoid
knp_nkuhlu_full_in_9,Phyllanthus tenellus,1,Forb
knp_nkuhlu_full_in_9,Vachellia gerrardii,1,Forb
knp_nkuhlu_full_out_1,Abutilon rehmannii,1,Forb
knp_nkuhlu_full_out_1,Dichrostachys cinerea,1,Shrub
knp_nkuhlu_full_out_1,Grewia flavescens,1,Shrub
knp_nkuhlu_full_out_1,Heliotropium ciliatum,2,Forb
knp_nkuhlu_full_out_1,Hibiscus micranthus,1,Forb
knp_nkuhlu_full_out_1,Panicum maximum,95,Graminoid
knp_nkuhlu_full_out_1,Phyllanthus tenellus,1,Forb
knp_nkuhlu_full_out_1,Pupalia lappacea,1,Forb
knp_nkuhlu_full_out_1,Senegalia nigrescens,1,Shrub
knp_nkuhlu_full_out_1,Spirostachys africana,5,Shrub
knp_nkuhlu_full_out_1,Tragia dioica,1,Forb
knp_nkuhlu_full_out_10,Combretum apiculatum,5,Tree
knp_nkuhlu_full_out_10,Combretum hereroense,1,Shrub
knp_nkuhlu_full_out_10,DIchrostachys cinerea,1,Shrub
knp_nkuhlu_full_out_10,Eragrostis cylindrifolia,30,Graminoid
knp_nkuhlu_full_out_10,Heliotropium ciliatum,1,Forb
knp_nkuhlu_full_out_10,Hibiscus micranthus,1,Forb
knp_nkuhlu_full_out_10,Leucas glabrata ,1,Forb
knp_nkuhlu_full_out_10,Melhania prostrata,1,Forb
knp_nkuhlu_full_out_10,Panicum maximum,40,Graminoid
knp_nkuhlu_full_out_10,Paramollugo nudicaulis,1,Forb
knp_nkuhlu_full_out_10,Phyllanthus tenellus,1,Forb
knp_nkuhlu_full_out_10,Ruellia patula,1,Forb
knp_nkuhlu_full_out_10,Schmidtia pappophoroides,1,Graminoid
knp_nkuhlu_full_out_10,Tephrosia purpurea,1,Forb
knp_nkuhlu_full_out_11,Aristida bipartita,10,Graminoid
knp_nkuhlu_full_out_11,Cordylostigma virgatum,1,Forb
knp_nkuhlu_full_out_11,DIchrostachys cinerea,1,Shrub
knp_nkuhlu_full_out_11,Evolvulus alsinoides,1,Forb
knp_nkuhlu_full_out_11,Heliotropium ciliatum,1,Forb
knp_nkuhlu_full_out_11,Kyphocarpa angustifolia,1,Forb
knp_nkuhlu_full_out_11,Leucas glabrata ,1,Forb
knp_nkuhlu_full_out_11,Panicum maximum,25,Graminoid
knp_nkuhlu_full_out_11,Poaceae sp. 1,1,Graminoid
knp_nkuhlu_full_out_11,Pogonarthria squarrosa,10,Graminoid
knp_nkuhlu_full_out_11,Polygala sphenoptera,1,Forb
knp_nkuhlu_full_out_11,Rhynchosia totta,1,Forb
knp_nkuhlu_full_out_11,Strychnos madagascariensis ,1,Shrub
knp_nkuhlu_full_out_11,Tephrosia purpurea,1,Forb
knp_nkuhlu_full_out_11,Waltheria indica,5,Forb
knp_nkuhlu_full_out_12,Chloris virgata,1,Graminoid
knp_nkuhlu_full_out_12,Dichrostachys cinerea,1,Shrub
knp_nkuhlu_full_out_12,Eragrostis superba,15,Graminoid
knp_nkuhlu_full_out_12,Evolvulus alsinoides,1,Forb
knp_nkuhlu_full_out_12,Grewia flavescens,1,Shrub
knp_nkuhlu_full_out_12,Heliotropium ciliatum,5,Forb
knp_nkuhlu_full_out_12,Hibiscus micranthus,1,Forb
knp_nkuhlu_full_out_12,Hibiscus sidiformis,1,Forb
knp_nkuhlu_full_out_12,Panicum maximum,60,Graminoid
knp_nkuhlu_full_out_12,Tephrosia purpurea,1,Forb
knp_nkuhlu_full_out_12,Urochloa mosambicensis,2,Graminoid
knp_nkuhlu_full_out_13,Aristida bipartita,25,Graminoid
knp_nkuhlu_full_out_13,Chamaecrista comosa,1,Forb
knp_nkuhlu_full_out_13,Combretum apiculatum,10,Tree
knp_nkuhlu_full_out_13,Crotalaria podocarpa,1,Forb
knp_nkuhlu_full_out_13,Dichrostachys cinerea,1,Forb
knp_nkuhlu_full_out_13,Evolvulus alsinoides,1,Forb
knp_nkuhlu_full_out_13,Phyllanthus maderaspatensis,1,Forb
knp_nkuhlu_full_out_13,Phyllanthus tenellus,1,Forb
knp_nkuhlu_full_out_13,Urochloa mosambicensis,1,Graminoid
knp_nkuhlu_full_out_13,Waltheria indica,5,Forb
knp_nkuhlu_full_out_14,Aristida bipartita,2,Graminoid
knp_nkuhlu_full_out_14,Combretum hereroense,1,Shrub
knp_nkuhlu_full_out_14,Fabaceae sp. 5,1,Forb
knp_nkuhlu_full_out_14,Grewia flavescens,2,Shrub
knp_nkuhlu_full_out_14,Hibiscus sidiformis,1,Forb
knp_nkuhlu_full_out_14,Indigofera filipes,1,Forb
knp_nkuhlu_full_out_14,Panicum maximum,35,Graminoid
knp_nkuhlu_full_out_14,Philenoptera violacea,1,Shrub
knp_nkuhlu_full_out_14,Pogonarthria squarrosa,1,Graminoid
knp_nkuhlu_full_out_14,Pupalia lappacea,1,Forb
knp_nkuhlu_full_out_14,Schmidtia pappophoroides,5,Graminoid
knp_nkuhlu_full_out_14,Tephrosia purpurea,1,Forb
knp_nkuhlu_full_out_14,Vachellia gerrardii,1,Shrub
knp_nkuhlu_full_out_14,Waltheria indica,2,Forb
knp_nkuhlu_full_out_15,Combretum apiculatum,5,Shrub
knp_nkuhlu_full_out_15,Dichrostachys cinerea,40,Graminoid
knp_nkuhlu_full_out_15,Dichrostachys cinerea,2,Shrub
knp_nkuhlu_full_out_15,Fabaceae sp. 5,1,Forb
knp_nkuhlu_full_out_15,Heliotropium ciliatum,1,Forb
knp_nkuhlu_full_out_15,Hibiscus micranthus,1,Forb
knp_nkuhlu_full_out_15,Kyphocarpa angustifolia,1,Forb
knp_nkuhlu_full_out_15,Ruellia patula,1,Forb
knp_nkuhlu_full_out_15,Tephrosia purpurea,1,Forb
knp_nkuhlu_full_out_15,Tricliceras schinzii,1,Forb
knp_nkuhlu_full_out_15,Urochloa mosambicensis,1,Graminoid
knp_nkuhlu_full_out_15,Vachellia gerrardii,1,Shrub
knp_nkuhlu_full_out_15,Waltheria indica,5,Forb
knp_nkuhlu_full_out_16,Abutilon rehmannii,1,Forb
knp_nkuhlu_full_out_16,Combretum apiculatum,1,Tree
knp_nkuhlu_full_out_16,Commiphora africana,1,Shrub
knp_nkuhlu_full_out_16,Crabbea hirsuta,1,Forb
knp_nkuhlu_full_out_16,Hibiscus micranthus,1,Forb
knp_nkuhlu_full_out_16,Indigofera vicioides,1,Forb
knp_nkuhlu_full_out_16,Justicia flava,2,Forb
knp_nkuhlu_full_out_16,Ocimum obovatum ,1,Forb
knp_nkuhlu_full_out_16,Panicum maximum,5,Graminoid
knp_nkuhlu_full_out_16,Philenoptera violacea,1,Shrub
knp_nkuhlu_full_out_16,Phyllanthus maderaspatensis,1,Forb
knp_nkuhlu_full_out_16,Sclerocarya birrea,1,Shrub
knp_nkuhlu_full_out_16,Solanum campylacanthum,2,Forb
knp_nkuhlu_full_out_16,Sporobolus nitens,2,Graminoid
knp_nkuhlu_full_out_16,Urochloa mosambicensis,5,Graminoid
knp_nkuhlu_full_out_16,Vachellia exuvialis,1,Shrub
knp_nkuhlu_full_out_17,Aristida bipartita,1,Graminoid
knp_nkuhlu_full_out_17,Chamaecrista absus,1,Forb
knp_nkuhlu_full_out_17,Combretum apiculatum,1,Shrub
knp_nkuhlu_full_out_17,Cordylostigma virgatum,1,Forb
knp_nkuhlu_full_out_17,Cyperus cyperoides,1,Graminoid
knp_nkuhlu_full_out_17,Cyperus rupestris,1,Graminoid
knp_nkuhlu_full_out_17,Dichrostachys cinerea,2,Shrub
knp_nkuhlu_full_out_17,Digitaria eriantha,2,Graminoid
knp_nkuhlu_full_out_17,Evolvulus alsinoides,1,Forb
knp_nkuhlu_full_out_17,Perotis patens,1,Graminoid
knp_nkuhlu_full_out_17,Pogonarthria squarrosa,5,Graminoid
knp_nkuhlu_full_out_17,Solanum campylacanthum,1,Forb
knp_nkuhlu_full_out_17,Tephrosia purpurea,1,Forb
knp_nkuhlu_full_out_17,Urochloa mosambicensis,1,Graminoid
knp_nkuhlu_full_out_17,Waltheria indica,5,Forb
knp_nkuhlu_full_out_17,Zornia glochidiata,1,Forb
knp_nkuhlu_full_out_18,Aristida bipartita,5,Graminoid
knp_nkuhlu_full_out_18,Cordylostigma virgatum,1,Forb
knp_nkuhlu_full_out_18,Dichrostachys cinerea,5,Shrub
knp_nkuhlu_full_out_18,Digitaria eriantha,25,Graminoid
knp_nkuhlu_full_out_18,Evolvulus alsinoides,1,Forb
knp_nkuhlu_full_out_18,Hermbstaedtia odorata,1,Forb
knp_nkuhlu_full_out_18,Hibiscus sidiformis,1,Forb
knp_nkuhlu_full_out_18,Justicia flava,1,Forb
knp_nkuhlu_full_out_18,Poaceae sp. 1,10,Graminoid
knp_nkuhlu_full_out_18,Pogonarthria squarrosa,25,Graminoid
knp_nkuhlu_full_out_18,Polygala sphenoptera,1,Forb
knp_nkuhlu_full_out_18,Tephrosia purpurea,1,Forb
knp_nkuhlu_full_out_2,Abutilon rehmannii,1,Forb
knp_nkuhlu_full_out_2,Dichrostachys cinerea,1,Shrub
knp_nkuhlu_full_out_2,Evolvulus alsinoides,1,Forb
knp_nkuhlu_full_out_2,Hibiscus micranthus,1,Forb
knp_nkuhlu_full_out_2,Justicia flava,1,Forb
knp_nkuhlu_full_out_2,Panicum maximum,5,Graminoid
knp_nkuhlu_full_out_2,Paramollugo nudicaulis,1,Forb
knp_nkuhlu_full_out_2,Phyllanthus maderaspatensis,1,Forb
knp_nkuhlu_full_out_2,Phyllanthus tenellus,1,Forb
knp_nkuhlu_full_out_2,Senegalia nigrescens,1,Shrub
knp_nkuhlu_full_out_2,Spirostachys africana,50,Tree
knp_nkuhlu_full_out_3,Combretum apiculatum,1,Tree
knp_nkuhlu_full_out_3,Combretum hereroense,1,Shrub
knp_nkuhlu_full_out_3,Commelina benghalensis,1,Forb
knp_nkuhlu_full_out_3,Dichrostachys cinerea,1,Shrub
knp_nkuhlu_full_out_3,Evolvulus alsinoides,1,Forb
knp_nkuhlu_full_out_3,Hibiscus vitifolius,1,Forb
knp_nkuhlu_full_out_3,Ipomoea plebeia,1,Forb
knp_nkuhlu_full_out_3,Panicum maximum,70,Graminoid
knp_nkuhlu_full_out_3,Ruellia patula,1,Forb
knp_nkuhlu_full_out_3,Spirostachys africana,60,Tree
knp_nkuhlu_full_out_3,Tragia dioica,1,Forb
knp_nkuhlu_full_out_4,Abutilon rehmannii,1,Forb
knp_nkuhlu_full_out_4,Combretum hereroense,2,Shrub
knp_nkuhlu_full_out_4,Euclea divinorum,15,Shrub
knp_nkuhlu_full_out_4,Evolvulus alsinoides,1,Forb
knp_nkuhlu_full_out_4,Flueggea virosa,15,Shrub
knp_nkuhlu_full_out_4,Grewia flavescens,1,Shrub
knp_nkuhlu_full_out_4,Heliotropium ciliatum,1,Forb
knp_nkuhlu_full_out_4,Ormocarpum trichocarpum,1,Shrub
knp_nkuhlu_full_out_4,Panicum maximum,55,Graminoid
knp_nkuhlu_full_out_4,Phyllanthus tenellus,1,Forb
knp_nkuhlu_full_out_4,Senegalia nigrescens,1,Shrub
knp_nkuhlu_full_out_4,Urochloa mosambicensis,1,Graminoid
knp_nkuhlu_full_out_4,Waltheria indica,1,Forb
knp_nkuhlu_full_out_5,Dalbergia melanoxylon,2,Shrub
knp_nkuhlu_full_out_5,Dichrostachys cinerea,1,Shrub
knp_nkuhlu_full_out_5,Hibiscus micranthus,1,Forb
knp_nkuhlu_full_out_5,Indigofera tinctoria,1,Shrub
knp_nkuhlu_full_out_5,Leucas glabrata ,1,Forb
knp_nkuhlu_full_out_5,Panicum maximum,100,Graminoid
knp_nkuhlu_full_out_5,Pristimera longipetiolata,1,Shrub
knp_nkuhlu_full_out_5,Rhynchosia totta,5,Forb
knp_nkuhlu_full_out_5,Senegalia nigrescens,1,Shrub
knp_nkuhlu_full_out_5,Tephrosia purpurea,1,Forb
knp_nkuhlu_full_out_6,Aristida adscensionis,1,Graminoid
knp_nkuhlu_full_out_6,Combretum hereroense,15,Shrub
knp_nkuhlu_full_out_6,Dichrostachys cinerea,2,Shrub
knp_nkuhlu_full_out_6,Digitaria eriantha,5,Graminoid
knp_nkuhlu_full_out_6,Eragrostis superba,1,Graminoid
knp_nkuhlu_full_out_6,Euclea divinorum,10,Shrub
knp_nkuhlu_full_out_6,Grewia flavescens,5,Shrub
knp_nkuhlu_full_out_6,Justicia flava,1,Forb
knp_nkuhlu_full_out_6,Ormocarpum trichocarpum,1,Shrub
knp_nkuhlu_full_out_6,Panicum maximum,5,Graminoid
knp_nkuhlu_full_out_6,Phyllanthus tenellus,1,Forb
knp_nkuhlu_full_out_6,Senegalia nigrescens,1,Shrub
knp_nkuhlu_full_out_6,Sporobolus nitens,1,Graminoid
knp_nkuhlu_full_out_6,Tephrosia purpurea,1,Forb
knp_nkuhlu_full_out_6,Urochloa mosambicensis,10,Graminoid
knp_nkuhlu_full_out_7,Aristida bipartita,2,Graminoid
knp_nkuhlu_full_out_7,Chamaecrista absus,1,Forb
knp_nkuhlu_full_out_7,Combretum apiculatum,5,Shrub
knp_nkuhlu_full_out_7,Corchorus confusus,1,Forb
knp_nkuhlu_full_out_7,Cordylostigma virgatum,1,Forb
knp_nkuhlu_full_out_7,Cyperus cyperoides,1,Graminoid
knp_nkuhlu_full_out_7,DIchrostachys cinerea,1,Shrub
knp_nkuhlu_full_out_7,Digitaria eriantha,1,Graminoid
knp_nkuhlu_full_out_7,Eragrostis cylindrifolia,5,Graminoid
knp_nkuhlu_full_out_7,Eragrostis superba,1,Graminoid
knp_nkuhlu_full_out_7,Euclea divinorum,1,Shrub
knp_nkuhlu_full_out_7,Evolvulus alsinoides,1,Forb
knp_nkuhlu_full_out_7,Heliotropium ciliatum,1,Forb
knp_nkuhlu_full_out_7,Hermbstaedtia odorata,1,Forb
knp_nkuhlu_full_out_7,Kyphocarpa angustifolia,2,Forb
knp_nkuhlu_full_out_7,Philenoptera violacea,1,Shrub
knp_nkuhlu_full_out_7,Schmidtia pappophoroides,1,Graminoid
knp_nkuhlu_full_out_7,Tephrosia purpurea,1,Forb
knp_nkuhlu_full_out_7,Waltheria indica,5,Forb
knp_nkuhlu_full_out_8,Chamaecrista absus,1,Forb
knp_nkuhlu_full_out_8,Combretum apiculatum,5,Tree
knp_nkuhlu_full_out_8,Cordylostigma virgatum,1,Forb
knp_nkuhlu_full_out_8,Eragrostis cylindrifolia,5,Graminoid
knp_nkuhlu_full_out_8,Heliotropium ciliatum,1,Forb
knp_nkuhlu_full_out_8,Kyphocarpa angustifolia,1,Forb
knp_nkuhlu_full_out_8,Panicum maximum,5,Graminoid
knp_nkuhlu_full_out_8,Phyllanthus tenellus,1,Forb
knp_nkuhlu_full_out_8,Pogonarthria squarrosa,1,Graminoid
knp_nkuhlu_full_out_8,Ruellia patula,1,Forb
knp_nkuhlu_full_out_8,Schmidtia pappophoroides,20,Graminoid
knp_nkuhlu_full_out_8,Syncolostemon bracteosus,1,Forb
knp_nkuhlu_full_out_8,Waltheria indica,1,Forb
knp_nkuhlu_full_out_9,Combretum apiculatum,1,Tree
knp_nkuhlu_full_out_9,Corchorus confusus,1,Forb
knp_nkuhlu_full_out_9,Evolvulus alsinoides,1,Forb
knp_nkuhlu_full_out_9,Heliotropium ciliatum,1,Forb
knp_nkuhlu_full_out_9,Melhania prostrata,1,Forb
knp_nkuhlu_full_out_9,Panicum maximum,65,Graminoid
knp_nkuhlu_full_out_9,Urochloa mosambicensis,1,Graminoid
knp_nkuhlu_full_out_9,Waltheria indica,1,Forb
knp_roan_in_1,Aspilia mossambicensis,5,Shrub
knp_roan_in_1,Gymnosporia senegalensis,1,Shrub
knp_roan_in_1,Indigofera vicioides,1,Forb
knp_roan_in_1,Panicum maximum,1,Graminoid
knp_roan_in_1,Setaria sphacelata,2,Graminoid
knp_roan_in_1,Soft leaf shrub,5,Shrub
knp_roan_in_1,Urochloa mosambicensis,2,Graminoid
knp_roan_in_10,Enneapogon cenchroides,1,Graminoid
knp_roan_in_10,Evolvulus sericeus,1,Forb
knp_roan_in_10,Schmidtia pappophoroides,100,Graminoid
knp_roan_in_10,Senegalia nigrescens,2,Shrub
knp_roan_in_10,Soft leaf shrub,5,Shrub
knp_roan_in_11,Cardiospermum halicacabum,1,Forb
knp_roan_in_11,Panicum maximum,100,Graminoid
knp_roan_in_11,Senegalia nigrescens,1,Shrub
knp_roan_in_12,Commelina erecta,1,Forb
knp_roan_in_12,Dalbergia melanoxylon,5,Shrub
knp_roan_in_12,Panicum maximum,100,Graminoid
knp_roan_in_13,Panicum maximum,90,Graminoid
knp_roan_in_13,Senegalia nigrescens,20,Tree
knp_roan_in_14,Aspilia mossambicensis,5,Shrub
knp_roan_in_14,Commelina erecta,1,Forb
knp_roan_in_14,Cup leaf,1,Forb
knp_roan_in_14,Panicum maximum,100,Graminoid
knp_roan_in_14,Parapolydora fastigiata,1,Forb
knp_roan_in_14,Senegalia nigrescens,1,Shrub
knp_roan_in_15,Commiphora africana,5,Shrub
knp_roan_in_15,Dichrostachys cinerea,2,Shrub
knp_roan_in_15,Evolvulus sericeus,1,Forb
knp_roan_in_15,Heteropogon contortus,5,Graminoid
knp_roan_in_15,Jasminum stenolobum,1,Shrub
knp_roan_in_15,Panicum coloratum,1,Graminoid
knp_roan_in_15,Schmidtia pappophoroides,95,Graminoid
knp_roan_in_15,Senegalia nigrescens,10,Shrub
knp_roan_in_16,Cenchrus ciliaris,100,Graminoid
knp_roan_in_16,Digitaria eriantha,1,Graminoid
knp_roan_in_16,Senegalia nigrescens,5,Shrub
knp_roan_in_16,Soft leaf shrub,1,Shrub
knp_roan_in_16,Urochloa mosambicensis,1,Graminoid
knp_roan_in_17,Aspilia mossambicensis,2,Shrub
knp_roan_in_17,Chamaecrista mimosoides,1,Forb
knp_roan_in_17,Colophospermum mopane,2,Shrub
knp_roan_in_17,Indigofera vicioides,1,Forb
knp_roan_in_17,Schmidtia pappophoroides,100,Graminoid
knp_roan_in_17,Soft leaf shrub,2,Shrub
knp_roan_in_17,Sorghum versicolor,1,Graminoid
knp_roan_in_17,Tephrosia polystachya,1,Forb
knp_roan_in_18,Cenchrus ciliaris,10,Graminoid
knp_roan_in_18,Colophospermum mopane,2,Shrub
knp_roan_in_18,Evolvulus sericeus,1,Forb
knp_roan_in_18,Schmidtia pappophoroides,80,Graminoid
knp_roan_in_18,Stachytarpheta indica,1,Shrub
knp_roan_in_2,Aspilia mossambicensis,5,Shrub
knp_roan_in_2,Indigofera vicioides,1,Forb
knp_roan_in_2,Panicum maximum,100,Graminoid
knp_roan_in_2,Sclerocarya birrea,30,Tree
knp_roan_in_3,Colophospermum mopane,15,Tree
knp_roan_in_3,Ehretia amoena,1,Shrub
knp_roan_in_3,Panicum maximum,50,Graminoid
knp_roan_in_3,Soft leaf shrub,1,Shrub
knp_roan_in_3,Themeda triandra,1,Graminoid
knp_roan_in_4,Aspilia mossambicensis,90,Shrub
knp_roan_in_4,Ozoroa paniculosa,25,Tree
knp_roan_in_4,Setaria sphacelata,1,Graminoid
knp_roan_in_5,Aspilia mossambicensis,1,Shrub
knp_roan_in_5,Chamaecrista mimosoides,1,Forb
knp_roan_in_5,Combretum imberbe,20,Tree
knp_roan_in_5,Indigofera holubii,2,Forb
knp_roan_in_5,Indigofera vicioides,1,Forb
knp_roan_in_5,Jasminum stenolobum,1,Shrub
knp_roan_in_5,Panicum maximum,35,Graminoid
knp_roan_in_5,Phyllanthus maderaspatensis,1,Forb
knp_roan_in_5,Phyllanthus tenellus,1,Forb
knp_roan_in_5,Schmidtia pappophoroides,1,Graminoid
knp_roan_in_5,Setaria sphacelata,20,Graminoid
knp_roan_in_5,Soft leaf shrub,2,Shrub
knp_roan_in_6,Aspilia mossambicensis,1,Shrub
knp_roan_in_6,Digitaria eriantha,5,Graminoid
knp_roan_in_6,Ehretia amoena,1,Shrub
knp_roan_in_6,Heteropogon contortus,20,Graminoid
knp_roan_in_6,Jasminum stenolobum,2,Shrub
knp_roan_in_6,Schmidtia pappophoroides,2,Graminoid
knp_roan_in_6,Sclerocarya birrea,25,Tree
knp_roan_in_6,Talinum afrum,1,Forb
knp_roan_in_7,Cenchrus ciliaris,1,Graminoid
knp_roan_in_7,Indigofera holubii,1,Forb
knp_roan_in_7,Jasminum stenolobum,10,Shrub
knp_roan_in_7,Panicum maximum,20,Graminoid
knp_roan_in_7,Schmidtia pappophoroides,1,Graminoid
knp_roan_in_7,Setaria sphacelata,10,Graminoid
knp_roan_in_8,Combretum imberbe,2,Tree
knp_roan_in_8,Panicum maximum,100,Graminoid
knp_roan_in_8,Phyllanthus tenellus,1,Forb
knp_roan_in_8,Solanum campylacanthum,1,Forb
knp_roan_in_8,Stachytarpheta indica,1,Forb
knp_roan_in_8,Vigna vexillata,2,Forb
knp_roan_in_9,Dalbergia melanoxylon,2,Shrub
knp_roan_in_9,Enneapogon cenchroides,1,Graminoid
knp_roan_in_9,Indigofera holubii,1,Forb
knp_roan_in_9,Panicum maximum,50,Graminoid
knp_roan_in_9,Phyllanthus asperulatus,1,Forb
knp_roan_in_9,Phyllanthus tenellus,1,Forb
knp_roan_out_1,Colophospermum mopane,2,Shrub
knp_roan_out_1,Indigofera holubii,2,Forb
knp_roan_out_1,Soft leaf shrub,1,Shrub
knp_roan_out_1,Urochloa mosambicensis,80,Graminoid
knp_roan_out_10,Albizia harveyi,1,Shrub
knp_roan_out_10,Cup leaf,1,Forb
knp_roan_out_10,Indigofera holubii,1,Forb
knp_roan_out_10,Merremia palmata,5,Forb
knp_roan_out_10,Panicum coloratum,2,Graminoid
knp_roan_out_10,Philenoptera violacea,2,Shrub
knp_roan_out_10,Phyllanthus asperulatus,2,Forb
knp_roan_out_10,Schmidtia pappophoroides,5,Graminoid
knp_roan_out_10,Urochloa mosambicensis,80,Graminoid
knp_roan_out_11,Indigofera holubii,5,Forb
knp_roan_out_11,Panicum coloratum,2,Graminoid
knp_roan_out_11,Panicum maximum,15,Graminoid
knp_roan_out_11,Phyllanthus asperulatus,1,Forb
knp_roan_out_11,Schmidtia pappophoroides,2,Graminoid
knp_roan_out_11,Setaria sphacelata,10,Graminoid
knp_roan_out_11,Soft leaf shrub,1,Shrub
knp_roan_out_11,Tephrosia polystachya,2,Forb
knp_roan_out_11,Urochloa mosambicensis,15,Graminoid
knp_roan_out_12,Combretum imberbe,5,Tree
knp_roan_out_12,Corchorus confusus,1,Forb
knp_roan_out_12,Cup leaf,1,Forb
knp_roan_out_12,Enneapogon cenchroides,15,Graminoid
knp_roan_out_12,Indigofera holubii,2,Forb
knp_roan_out_12,Parapolydora fastigiata,2,Forb
knp_roan_out_12,Phyllanthus asperulatus,1,Forb
knp_roan_out_12,Setaria sphacelata,10,Graminoid
knp_roan_out_12,Tephrosia polystachya,1,Forb
knp_roan_out_12,Urochloa mosambicensis,50,Graminoid
knp_roan_out_13,Combretum imberbe,15,Shrub
knp_roan_out_13,Corbichonia decumbens,2,Forb
knp_roan_out_13,Cordylostigma virgatum,1,Forb
knp_roan_out_13,Cup leaf,1,Forb
knp_roan_out_13,Hairy climber,1,Forb
knp_roan_out_13,Setaria sphacelata,35,Graminoid
knp_roan_out_13,Urochloa mosambicensis,1,Graminoid
knp_roan_out_14,Combretum imberbe,25,Shrub
knp_roan_out_14,Corbichonia decumbens,1,Forb
knp_roan_out_14,Cordylostigma virgatum,1,Forb
knp_roan_out_14,Cup leaf,1,Forb
knp_roan_out_14,Digitaria eriantha,40,Graminoid
knp_roan_out_14,Hairy climber,1,Forb
knp_roan_out_14,Heliotropium strigosum,1,Forb
knp_roan_out_14,Indigofera holubii,2,Forb
knp_roan_out_14,Phyllanthus asperulatus,1,Forb
knp_roan_out_14,Sesbania bispinosa,2,Forb
knp_roan_out_14,Setaria sphacelata,20,Graminoid
knp_roan_out_15,Combretum imberbe,25,Tree
knp_roan_out_15,Corchorus confusus,1,Forb
knp_roan_out_15,Digitaria eriantha,55,Graminoid
knp_roan_out_15,Hairy climber,1,Forb
knp_roan_out_15,Indigofera schimperi,1,Forb
knp_roan_out_15,Pigea serrata,1,Forb
knp_roan_out_15,Schmidtia pappophoroides,1,Graminoid
knp_roan_out_15,Tephrosia polystachya,1,Forb
knp_roan_out_15,Urochloa mosambicensis,15,Graminoid
knp_roan_out_16,Colophospermum mopane,20,Tree
knp_roan_out_16,Indigofera holubii,2,Forb
knp_roan_out_16,Phyllanthus asperulatus,2,Forb
knp_roan_out_16,Urochloa mosambicensis,40,Graminoid
knp_roan_out_17,Colophospermum mopane,30,Tree
knp_roan_out_17,Eragrostis superba,2,Graminoid
knp_roan_out_17,Heteropogon contortus,25,Graminoid
knp_roan_out_17,Indigofera holubii,25,Forb
knp_roan_out_17,Schmidtia pappophoroides,15,Graminoid
knp_roan_out_18,Colophospermum mopane,25,Shrub
knp_roan_out_18,Heteropogon contortus,15,Graminoid
knp_roan_out_18,Phyllanthus asperulatus,1,Forb
knp_roan_out_18,Schmidtia pappophoroides,60,Graminoid
knp_roan_out_2,Combretum imberbe,15,Tree
knp_roan_out_2,Enneapogon cenchroides,1,Graminoid
knp_roan_out_2,Heliotropium steudneri,10,Forb
knp_roan_out_2,Schmidtia pappophoroides,1,Graminoid
knp_roan_out_2,Talinum afrum,1,Forb
knp_roan_out_2,Tragus berteronianus,1,Graminoid
knp_roan_out_2,Urochloa mosambicensis,15,Graminoid
knp_roan_out_3,Ceratotheca triloba,1,Forb
knp_roan_out_3,Colophospermum mopane,2,Shrub
knp_roan_out_3,Digitaria eriantha,1,Graminoid
knp_roan_out_3,Heteropogon contortus,15,Graminoid
knp_roan_out_3,Indigofera holubii,2,Forb
knp_roan_out_3,Indigofera vicioides,5,Forb
knp_roan_out_3,Tephrosia purpurea,30,Forb
knp_roan_out_3,Urochloa mosambicensis,20,Graminoid
knp_roan_out_4,Colophospermum mopane,10,Shrub
knp_roan_out_4,Combretum imberbe,5,Tree
knp_roan_out_4,Indigofera holubii,1,Forb
knp_roan_out_4,Schmidtia pappophoroides,35,Graminoid
knp_roan_out_4,Urochloa mosambicensis,20,Graminoid
knp_roan_out_5,Cenchrus ciliaris,2,Graminoid
knp_roan_out_5,Colophospermum mopane,25,Shrub
knp_roan_out_5,Enneapogon cenchroides,1,Graminoid
knp_roan_out_5,Indigofera holubii,2,Forb
knp_roan_out_5,Schmidtia pappophoroides,20,Graminoid
knp_roan_out_5,Sorghum versicolor,5,Graminoid
knp_roan_out_5,Urochloa mosambicensis,35,Graminoid
knp_roan_out_6,Cenchrus ciliaris,1,Graminoid
knp_roan_out_6,Colophospermum mopane,25,Shrub
knp_roan_out_6,Heliotropium steudneri,1,Forb
knp_roan_out_6,Schmidtia pappophoroides,15,Graminoid
knp_roan_out_6,Soft leaf shrub,1,Shrub
knp_roan_out_6,Urochloa mosambicensis,70,Graminoid
knp_roan_out_7,Indigofera holubii,25,Forb
knp_roan_out_7,Schmidtia pappophoroides,50,Graminoid
knp_roan_out_7,Urochloa mosambicensis,15,Graminoid
knp_roan_out_8,Evolvulus sericeus,1,Forb
knp_roan_out_8,Heteropogon contortus,20,Graminoid
knp_roan_out_8,Indigofera holubii,10,Forb
knp_roan_out_8,Schmidtia pappophoroides,20,Graminoid
knp_roan_out_8,Soft leaf shrub,2,Shrub
knp_roan_out_8,Tephrosia polystachya,2,Forb
knp_roan_out_8,Urochloa mosambicensis,30,Graminoid
knp_roan_out_9,Enneapogon cenchroides,1,Graminoid
knp_roan_out_9,Flueggea virosa,5,Shrub
knp_roan_out_9,Schmidtia pappophoroides,20,Graminoid
knp_roan_out_9,Tephrosia polystachya,25,Forb
knp_roan_out_9,Urochloa mosambicensis,20,Graminoid
knp_satara_in_1,Commiphora pyracanthoides,15,Tree
knp_satara_in_1,Dichrostachys cinerea,1,Shrub
knp_satara_in_1,Hibiscus micranthus,1,Forb
knp_satara_in_1,Panicum coloratum,80,Graminoid
knp_satara_in_1,Panicum maximum,5,Graminoid
knp_satara_in_1,Stachytarpheta indica,1,Forb
knp_satara_in_1,Themeda triandra,20,Graminoid
knp_satara_in_10,Eriosema sp. 1,1,Forb
knp_satara_in_10,Ormocarpum trichocarpum,1,Shrub
knp_satara_in_10,Panicum coloratum,95,Graminoid
knp_satara_in_10,Themeda triandra,2,Graminoid
knp_satara_in_11,Panicum coloratum,100,Graminoid
knp_satara_in_12,Euclea divinorum,1,Shrub
knp_satara_in_12,Ipomoea plebeia,1,Tree
knp_satara_in_12,Lannea schweinfurthii,2,Tree
knp_satara_in_12,Lantana rugosa,10,Forb
knp_satara_in_12,Panicum maximum,40,Graminoid
knp_satara_in_12,Tephrosia purpurea,1,Forb
knp_satara_in_13,Combretum imberbe,5,Tree
knp_satara_in_13,Eriosema sp. 1,1,Forb
knp_satara_in_13,Panicum coloratum,40,Graminoid
knp_satara_in_13,Themeda triandra,65,Graminoid
knp_satara_in_14,Cenchrus ciliaris,50,Graminoid
knp_satara_in_14,Digitaria eriantha,5,Graminoid
knp_satara_in_14,Eriosema sp. 1,1,Forb
knp_satara_in_14,Panicum coloratum,30,Graminoid
knp_satara_in_14,Themeda triandra,10,Graminoid
knp_satara_in_15,Panicum coloratum,100,Graminoid
knp_satara_in_16,Flueggea virosa,1,Shrub
knp_satara_in_16,Ipomoea plebeia,1,Forb
knp_satara_in_16,Panicum maximum,100,Graminoid
knp_satara_in_16,Senegalia nigrescens,1,Tree
knp_satara_in_17,Digitaria eriantha,10,Graminoid
knp_satara_in_17,Eriosema sp. 1,1,Forb
knp_satara_in_17,Heliotropium steudneri,1,Forb
knp_satara_in_17,Panicum coloratum,40,Graminoid
knp_satara_in_17,Panicum maximum,50,Graminoid
knp_satara_in_18,Cenchrus ciliaris,20,Graminoid
knp_satara_in_18,Chascanum hederaceum,1,Forb
knp_satara_in_18,Combretum imberbe,5,Tree
knp_satara_in_18,Ehretia amoena,2,Shrub
knp_satara_in_18,Heliotropium steudneri,1,Forb
knp_satara_in_18,Panicum coloratum,80,Graminoid
knp_satara_in_2,Combretum hereroense,5,Tree
knp_satara_in_2,Eriosema sp. 1,1,Forb
knp_satara_in_2,Heliotropium steudneri,1,Forb
knp_satara_in_2,Lantana rugosa,1,Forb
knp_satara_in_2,Ormocarpum trichocarpum,1,Shrub
knp_satara_in_2,Panicum coloratum,20,Graminoid
knp_satara_in_2,Panicum maximum,20,Graminoid
knp_satara_in_2,Themeda triandra,50,Graminoid
knp_satara_in_2,Tragia dioica,2,Forb
knp_satara_in_3,Panicum maximum,95,Graminoid
knp_satara_in_3,Solanum campylacanthum,1,Forb
knp_satara_in_4,Heliotropium steudneri,1,Forb
knp_satara_in_4,Maerua parvifolia,2,Shrub
knp_satara_in_4,Panicum maximum,50,Graminoid
knp_satara_in_4,Stachytarpheta indica,1,Forb
knp_satara_in_4,Themeda triandra,20,Graminoid
knp_satara_in_5,Dichrostachys cinerea,1,Shrub
knp_satara_in_5,Evolvulus alsinoides,1,Forb
knp_satara_in_5,Gymnosporia senegalensis,1,Shrub
knp_satara_in_5,Panicum coloratum,100,Graminoid
knp_satara_in_6,Dichrostachys cinerea,1,Shrub
knp_satara_in_6,Panicum maximum,70,Graminoid
knp_satara_in_6,Senegalia nigrescens,5,Shrub
knp_satara_in_7,Bothriochloa insculpta,10,Graminoid
knp_satara_in_7,Combretum hereroense,10,Tree
knp_satara_in_7,Digitaria eriantha,30,Graminoid
knp_satara_in_7,Heliotropium steudneri,1,Forb
knp_satara_in_7,Panicum coloratum,40,Graminoid
knp_satara_in_7,Senegalia nigrescens,2,Shrub
knp_satara_in_7,Themeda triandra,1,Graminoid
knp_satara_in_8,Heliotropium steudneri,1,Forb
knp_satara_in_8,Lannea schweinfurthii,2,Tree
knp_satara_in_8,Panicum coloratum,90,Graminoid
knp_satara_in_8,Panicum maximum,10,Graminoid
knp_satara_in_9,Albizia harveyi,5,Shrub
knp_satara_in_9,Eriosema sp. 1,1,Forb
knp_satara_in_9,Heliotropium steudneri,1,Forb
knp_satara_in_9,Lantana rugosa,5,Forb
knp_satara_in_9,Panicum maximum,95,Graminoid
knp_satara_out_1,Cenchrus ciliaris,50,Graminoid
knp_satara_out_1,Heliotropium steudneri,1,Forb
knp_satara_out_1,Hibiscus sidiformis,5,Forb
knp_satara_out_1,Ledebouria cooperi,1,Forb
knp_satara_out_1,Themeda triandra,40,Graminoid
knp_satara_out_10,Bothriochloa insculpta,50,Graminoid
knp_satara_out_10,Ipomoea plebeia,1,Forb
knp_satara_out_10,Panicum maximum,45,Graminoid
knp_satara_out_10,Tephrosia purpurea,1,Forb
knp_satara_out_11,Chamaecrista comosa,1,Forb
knp_satara_out_11,Chascanum hederaceum,2,Forb
knp_satara_out_11,Cordylostigma virgatum,1,Forb
knp_satara_out_11,Dovyalis zeyheri,2,Shrub
knp_satara_out_11,Evolvulus alsinoides,1,Forb
knp_satara_out_11,Heliotropium steudneri,1,Forb
knp_satara_out_11,Ipomoea plebeia,1,Forb
knp_satara_out_11,Ocimum filamentosum,1,Forb
knp_satara_out_11,Ormocarpum trichocarpum,1,Forb
knp_satara_out_11,Tephrosia purpurea,1,Forb
knp_satara_out_11,Themeda triandra,80,Graminoid
knp_satara_out_12,Eriosema sp. 1,1,Forb
knp_satara_out_12,Evolvulus alsinoides,1,Forb
knp_satara_out_12,Flueggea virosa,1,Shrub
knp_satara_out_12,Phyllanthus maderaspatensis,1,Forb
knp_satara_out_12,Themeda triandra,100,Graminoid
knp_satara_out_13,Bothriochloa insculpta,100,Graminoid
knp_satara_out_13,Combretum imberbe,5,Tree
knp_satara_out_13,Eriosema sp. 1,1,Forb
knp_satara_out_13,Flueggea virosa,1,Shrub
knp_satara_out_13,Heliotropium steudneri,1,Forb
knp_satara_out_13,Parapolydora fastigiata,1,Forb
knp_satara_out_13,Themeda triandra,1,Graminoid
knp_satara_out_14,Cenchrus ciliaris,30,Graminoid
knp_satara_out_14,Heliotropium steudneri,2,Forb
knp_satara_out_14,Hibiscus micranthus,1,Forb
knp_satara_out_14,Lantana rugosa,2,Forb
knp_satara_out_14,Panicum coloratum,20,Graminoid
knp_satara_out_14,Panicum maximum,30,Graminoid
knp_satara_out_15,Cenchrus ciliaris,10,Graminoid
knp_satara_out_15,Heliotropium steudneri,1,Forb
knp_satara_out_15,Panicum coloratum,50,Graminoid
knp_satara_out_15,Panicum maximum,1,Graminoid
knp_satara_out_15,Parapolydora fastigiata,1,Forb
knp_satara_out_15,Themeda triandra,40,Graminoid
knp_satara_out_16,Ipomoea plebeia,1,Forb
knp_satara_out_16,Ipomoea sinensis,1,Forb
knp_satara_out_16,Lannea schweinfurthii,1,Shrub
knp_satara_out_16,Panicum coloratum,70,Graminoid
knp_satara_out_16,Panicum maximum,15,Graminoid
knp_satara_out_16,Themeda triandra,10,Graminoid
knp_satara_out_17,Eriosema sp. 1,2,Forb
knp_satara_out_17,Heliotropium steudneri,1,Forb
knp_satara_out_17,Ipomoea plebeia,1,Forb
knp_satara_out_17,Solanum campylacanthum,1,Forb
knp_satara_out_17,Themeda triandra,90,Graminoid
knp_satara_out_18,Digitaria eriantha,55,Graminoid
knp_satara_out_18,Ipomoea plebeia,1,Forb
knp_satara_out_18,Panicum coloratum,20,Graminoid
knp_satara_out_18,Panicum maximum,5,Graminoid
knp_satara_out_2,Cenchrus ciliaris,60,Graminoid
knp_satara_out_2,Chamaecrista comosa,1,Forb
knp_satara_out_2,Digitaria eriantha,1,Graminoid
knp_satara_out_2,Eriosema sp. 1,2,Forb
knp_satara_out_2,Heliotropium steudneri,1,Forb
knp_satara_out_2,Lannea schweinfurthii,1,Graminoid
knp_satara_out_2,Talinum afrum,1,Forb
knp_satara_out_2,Themeda triandra,15,Graminoid
knp_satara_out_3,Cenchrus ciliaris,1,Graminoid
knp_satara_out_3,Dichrostachys cinerea,1,Shrub
knp_satara_out_3,Digitaria eriantha,5,Graminoid
knp_satara_out_3,Heliotropium steudneri,2,Forb
knp_satara_out_3,Ipomoea plebeia,1,Forb
knp_satara_out_3,Lannea schweinfurthii,1,Shrub
knp_satara_out_3,Panicum coloratum,85,Graminoid
knp_satara_out_4,Combretum imberbe,2,Tree
knp_satara_out_4,Grewia bicolor,5,Shrub
knp_satara_out_4,Heliotropium steudneri,1,Forb
knp_satara_out_4,Ipomoea plebeia,1,Forb
knp_satara_out_4,Panicum maximum,5,Graminoid
knp_satara_out_4,Talinum afrum,1,Forb
knp_satara_out_4,Themeda triandra,80,Graminoid
knp_satara_out_5,Bothriochloa insculpta,85,Graminoid
knp_satara_out_5,Digitaria eriantha,1,Graminoid
knp_satara_out_5,Eriosema sp. 1,1,Forb
knp_satara_out_5,Ipomoea plebeia,1,Forb
knp_satara_out_5,Ormocarpum trichocarpum,1,Shrub
knp_satara_out_5,Themeda triandra,1,Graminoid
knp_satara_out_6,Combretum hereroense,30,Tree
knp_satara_out_6,Flueggea virosa,1,Shrub
knp_satara_out_6,Panicum coloratum,50,Graminoid
knp_satara_out_6,Panicum maximum,25,Graminoid
knp_satara_out_6,Themeda triandra,1,Graminoid
knp_satara_out_6,Urochloa mosambicensis,1,Graminoid
knp_satara_out_7,Dichrostachys cinerea,1,Shrub
knp_satara_out_7,Eriosema sp. 1,1,Forb
knp_satara_out_7,Flueggea virosa,2,Shrub
knp_satara_out_7,Hibiscus micranthus,1,Forb
knp_satara_out_7,Panicum coloratum,1,Graminoid
knp_satara_out_7,Panicum maximum,80,Graminoid
knp_satara_out_7,Philenoptera violacea,1,Shrub
knp_satara_out_8,Balanites maughamii,5,Tree
knp_satara_out_8,Cenchrus ciliaris,10,Graminoid
knp_satara_out_8,Lantana rugosa,5,Forb
knp_satara_out_8,Ormocarpum trichocarpum,1,Shrub
knp_satara_out_8,Panicum coloratum,80,Graminoid
knp_satara_out_8,Themeda triandra,25,Graminoid
knp_satara_out_9,Bothriochloa insculpta,1,Graminoid
knp_satara_out_9,Eriosema sp. 1,2,Forb
knp_satara_out_9,Heteropogon contortus,2,Graminoid
knp_satara_out_9,Lannea schweinfurthii,1,Shrub
knp_satara_out_9,Lantana rugosa,5,Forb
knp_satara_out_9,Ormocarpum trichocarpum,1,Shrub
knp_satara_out_9,Panicum coloratum,80,Graminoid
pnr_in_1,Abutilon grandifolium,2,Forb
pnr_in_1,Dichrostachys cinerea,5,Forb
pnr_in_1,Panicum maximum,95,Graminoid
pnr_in_1,Themeda triandra,2,Graminoid
pnr_in_10,Azima tetracantha,1,Shrub
pnr_in_10,Capparis tomentosa,1,Shrub
pnr_in_10,Ehretia rigida,1,Shrub
pnr_in_10,Panicum maximum,100,Graminoid
pnr_in_11,Lantana camara,50,Shrub
pnr_in_11,Panicum maximum,100,Graminoid
pnr_in_11,Volkameria glabra,10,Shrub
pnr_in_12,Azima tetracantha,1,Shrub
pnr_in_12,Dichrostachys cinerea,5,Shrub
pnr_in_12,Panicum maximum,100,Graminoid
pnr_in_13,Bolusanthus speciosus,5,Tree
pnr_in_13,Ehretia rigida,2,Shrub
pnr_in_13,Lantana camara,60,Shrub
pnr_in_13,Panicum maximum,100,Graminoid
pnr_in_14,Ehretia rigida,2,Shrub
pnr_in_14,Panicum maximum,100,Graminoid
pnr_in_15,Panicum maximum,100,Graminoid
pnr_in_16,Cenchrus ciliaris,60,Graminoid
pnr_in_16,Commiphora africana,2,Shrub
pnr_in_16,Dichrostachys cinerea,10,Shrub
pnr_in_16,Panicum coloratum,20,Graminoid
pnr_in_16,Panicum maximum,10,Graminoid
pnr_in_17,Dichrostachys cinerea,5,Shrub
pnr_in_17,Lantana rugosa,1,Shrub
pnr_in_17,Panicum maximum,100,Graminoid
pnr_in_18,Commiphora africana,5,Shrub
pnr_in_18,Panicum maximum,100,Graminoid
pnr_in_2,Dichrostachys cinerea,2,Shrub
pnr_in_2,Ormocarpum trichocarpum,1,Shrub
pnr_in_2,Panicum maximum,100,Graminoid
pnr_in_3,Dichrostachys cinerea,1,Shrub
pnr_in_3,Heteropogon contortus,5,Graminoid
pnr_in_3,Nidorella sp. 1,1,Forb
pnr_in_3,Panicum maximum,5,Graminoid
pnr_in_3,Trachypogon spicatus,60,Graminoid
pnr_in_3,Vachellia tortillis,1,Tree
pnr_in_4,Panicum maximum,100,Graminoid
pnr_in_4,Solanum campylacanthum,1,Forb
pnr_in_4,Vachellia tortillis,1,Shrub
pnr_in_5,Commelina erecta,2,Forb
pnr_in_5,Panicum maximum,100,Graminoid
pnr_in_6,Achyranthes aspera,5,Forb
pnr_in_6,Panicum maximum,95,Graminoid
pnr_in_7,Commiphora africana,10,Shrub
pnr_in_7,Ehretia rigida,40,Shrub
pnr_in_7,Justicia flava,10,Forb
pnr_in_7,Justicia protracta,1,Forb
pnr_in_7,Panicum coloratum,50,Graminoid
pnr_in_7,Panicum maximum,1,Graminoid
pnr_in_7,Vachellia karroo,30,Tree
pnr_in_8,Barleria elegans,2,Forb
pnr_in_8,Ehretia rigida,25,Shrub
pnr_in_8,Euclea divinorum,1,Shrub
pnr_in_8,Panicum maximum,95,Graminoid
pnr_in_8,Pappea capensis,1,Shrub
pnr_in_8,Pupalia lappacea,1,Forb
pnr_in_8,Vachellia karroo,1,Tree
pnr_in_9,Achyranthes aspera,2,Forb
pnr_in_9,Commelina africana,1,Forb
pnr_in_9,Dichrostachys cinerea,40,Shrub
pnr_in_9,Ehretia rigida,1,Shrub
pnr_in_9,Panicum deustum,5,Graminoid
pnr_in_9,Panicum maximum,85,Graminoid
pnr_out_1,Abutilon grandifolium,2,Forb
pnr_out_1,Bolusanthus speciosus,5,Tree
pnr_out_1,Ptycholobium plicatum,2,Forb
pnr_out_1,Justicia flava,1,Forb
pnr_out_1,Nidorella sp. 1,2,Forb
pnr_out_1,Panicum coloratum,10,Graminoid
pnr_out_1,Senegalia nigrescens,1,Tree
pnr_out_1,Tephrosia purpurea,2,Forb
pnr_out_1,Trachypogon spicatus,60,Graminoid
pnr_out_1,Urochloa mosambicensis,10,Graminoid
pnr_out_10,Azima tetracantha,10,Shrub
pnr_out_10,Cordia monoica,30,Tree
pnr_out_10,Ehretia rigida,2,Shrub
pnr_out_10,Panicum maximum,100,Graminoid
pnr_out_10,Vachellia gerrardii,10,Tree
pnr_out_11,Bolusanthus speciosus,10,Tree
pnr_out_11,Panicum maximum,100,Graminoid
pnr_out_11,Vachellia gerrardii,10,Tree
pnr_out_12,Bolusanthus speciosus,1,Tree
pnr_out_12,Crossandra greenstockii,5,Forb
pnr_out_12,Ehretia rigida,1,Shrub
pnr_out_12,Panicum maximum,100,Graminoid
pnr_out_13,Dichrostachys cinerea,1,Shrub
pnr_out_13,Grewia bicolor,1,Shrub
pnr_out_13,Panicum maximum,100,Graminoid
pnr_out_13,Sclerocarya birrea,20,Tree
pnr_out_13,Senegalia nigrescens,1,Tree
pnr_out_14,Gardenia volkensii,2,Shrub
pnr_out_14,Heliotropium steudneri,1,Forb
pnr_out_14,Lantana camara,15,Shrub
pnr_out_14,Nidorella sp. 1,1,Forb
pnr_out_14,Panicum maximum,100,Graminoid
pnr_out_14,Vachellia gerrardii,2,Tree
pnr_out_15,Abutilon austroafricanum,1,Forb
pnr_out_15,Blepharis integrifolia,1,Forb
pnr_out_15,Evolvulus sericeus,1,Forb
pnr_out_15,Ptycholobium plicatum,1,Forb
pnr_out_15,Heliotropium steudneri,10,Forb
pnr_out_15,Ocimum obovatum,1,Forb
pnr_out_15,Panicum maximum,40,Graminoid
pnr_out_15,Senegalia nigrescens,2,Tree
pnr_out_15,Vachellia gerrardii,1,Tree
pnr_out_16,Asparagus africanus,1,Forb
pnr_out_16,Ehretia rigida,2,Shrub
pnr_out_16,Ptycholobium plicatum,1,Forb
pnr_out_16,Heliotropium steudneri,2,Forb
pnr_out_16,Justicia flava,1,Forb
pnr_out_16,Nidorella sp. 1,5,Forb
pnr_out_16,Ocimum obovatum,1,Forb
pnr_out_16,Panicum deustum,10,Graminoid
pnr_out_16,Panicum maximum,5,Graminoid
pnr_out_16,Senegalia nigrescens,25,Tree
pnr_out_16,Vachellia gerrardii,1,Tree
pnr_out_17,Abutilon grandifolium,1,Forb
pnr_out_17,Bolusanthus speciosus,2,Tree
pnr_out_17,Ptycholobium plicatum,20,Forb
pnr_out_17,Heliotropium steudneri,10,Forb
pnr_out_17,Justicia flava,1,Forb
pnr_out_17,Panicum maximum,50,Graminoid
pnr_out_17,Senegalia nigrescens,40,Tree
pnr_out_17,Vachellia gerrardii,5,Tree
pnr_out_18,Dichrostachys cinerea,1,Shrub
pnr_out_18,Ptycholobium plicatum,1,Forb
pnr_out_18,Heliotropium steudneri,1,Forb
pnr_out_18,Hibiscus pusillus,1,Forb
pnr_out_18,Indigastrum sp. 1,1,Forb
pnr_out_18,Justicia flava,1,Forb
pnr_out_18,Nidorella sp. 1,1,Forb
pnr_out_18,Panicum coloratum,5,Graminoid
pnr_out_18,Panicum maximum,60,Graminoid
pnr_out_18,Vachellia gerrardii,5,Shrub
pnr_out_2,Abutilon austroafricanum,1,Forb
pnr_out_2,Abutilon grandifolium,2,Forb
pnr_out_2,Heliotropium steudneri,1,Forb
pnr_out_2,Justicia flava,1,Forb
pnr_out_2,Nidorella sp. 1,2,Forb
pnr_out_2,Panicum coloratum,5,Graminoid
pnr_out_2,Panicum maximum,10,Graminoid
pnr_out_2,Themeda triandra,20,Graminoid
pnr_out_2,Urochloa mosambicensis,10,Graminoid
pnr_out_3,Abutilon grandifolium,1,Forb
pnr_out_3,Heliotropium steudneri,1,Forb
pnr_out_3,Heteropogon contortus,10,Graminoid
pnr_out_3,Justicia flava,1,Forb
pnr_out_3,Nidorella sp. 1,1,Forb
pnr_out_3,Ocimum obovatum,1,Forb
pnr_out_3,Ormocarpum trichocarpum,2,Shrub
pnr_out_3,Panicum coloratum,2,Graminoid
pnr_out_3,Panicum maximum,25,Graminoid
pnr_out_3,Themeda triandra,2,Graminoid
pnr_out_3,Trachypogon spicatus,20,Graminoid
pnr_out_4,Achyranthes aspera,1,Forb
pnr_out_4,Capparis tomentosa,5,Shrub
pnr_out_4,Panicum maximum,100,Graminoid
pnr_out_4,Solanum campylacanthum,1,Forb
pnr_out_4,Vachellia tortillis,30,Tree
pnr_out_5,Achyranthes aspera,5,Forb
pnr_out_5,Dichrostachys cinerea,50,Tree
pnr_out_5,Justicia flava,1,Forb
pnr_out_5,Panicum maximum,70,Graminoid
pnr_out_6,Dichrostachys cinerea,25,Tree
pnr_out_6,Hibiscus pusillus,1,Forb
pnr_out_6,Panicum maximum,100,Graminoid
pnr_out_7,Barleria elegans,30,Forb
pnr_out_7,Ehretia rigida,5,Shrub
pnr_out_7,Panicum deustum,50,Graminoid
pnr_out_7,Panicum maximum,1,Graminoid
pnr_out_7,Senegalia caffra,1,Tree
pnr_out_7,Trimeria grandifolia,2,Shrub
pnr_out_7,Vachellia karroo,60,Tree
pnr_out_8,Justicia protracta,15,Forb
pnr_out_8,Panicum maximum,90,Graminoid
pnr_out_8,Senegalia caffra,30,Tree
pnr_out_9,Abutilon grandifolium,1,Forb
pnr_out_9,Capparis tomentosa,5,Shrub
pnr_out_9,Commelina africana,1,Forb
pnr_out_9,Ehretia rigida,50,Shrub
pnr_out_9,Tephrosia polystachya,1,Forb
pnr_out_9,Grewia occidentalis,10,Shrub
pnr_out_9,Ipomoea sinensis,1,Forb
pnr_out_9,Justicia flava,2,Forb
pnr_out_9,Panicum deustum,1,Graminoid
pnr_out_9,Panicum maximum,30,Graminoid
pnr_out_9,Parthenium hysterophorus,1,Forb
pnr_out_9,Putterlickia verrucosa,1,Shrub
pnr_out_9,Ruellia patula,1,Forb