site_id,species,life_form,spines,leaf_type,growth_form_1,growth_form_2,growth_form_3,growth_form_4,growth_form_5,growth_form_mode,biomass_density_1,biomass_density_2,biomass_density_3,biomass_density_4,biomass_density_5,biomass_density_mode,leaf_length_1,leaf_length_2,leaf_length_3,leaf_length_4,leaf_length_5,leaf_length_mean,leaf_width_1,leaf_width_2,leaf_width_3,leaf_width_4,leaf_width_5,leaf_width_mean,plant_height_1,plant_height_2,plant_height_3,plant_height_4,plant_height_5,plant_height_mean
addo_jack_in,Cadaba aphylla,f,n,a,surf,surf,suclf,surf,surf,surf,m,m,m,l,l,m,1.2,0.5,0.7,,,0.8,0.4,0.1,0.2,,,0.2333333333,61,161,160,163,150,139
addo_jack_in,Cynanchum viminale,f,n,a,clf,clf,clf,clf,clf,clf,m,l,m,l,l,l,,,,,,#DIV/0!,,,,,,#DIV/0!,322,430,226,340,421,347.8
addo_nyathi_full_in,Cynanchum viminale,f,n,a,clf,clf,clf,clf,clf,clf,l,l,l,l,l,l,,,,,,#DIV/0!,,,,,,#DIV/0!,300,310,370,188,320,297.6
addo_jack_out,Cynanchum viminale,f,n,a,clf,rf,clf,clf,clf,clf,h,l,h,m,m,m,,,,,,#DIV/0!,,,,,,#DIV/0!,250,60,231,156,300,199.4
addo_nyathi_full_in,Asparagus crassicladus,f,<2,li,mf,mf,mf,mf,mf,mf,h,h,m,m,m,m,3,3,3.5,3.6,4,3.42,0.1,0.1,0.1,0.1,0.1,0.1,38,45,47,77,30,47.4
knp_nkuhlu_full_out,Aristida adscensionis,g,n,li,sg,sg,sg,sg,,sg,l,l,l,l,,l,13,17,25,21.5,,19.125,0.2,0.2,0.2,0.3,,0.225,20,40,53,58,,42.75
knp_nkuhlu_full_out,Aristida bipartita,g,n,li,sg,sg,sg,sg,sg,sg,l,l,l,l,l,l,7,11,5,8,9,8,0.3,0.3,0.3,0.2,0.4,0.3,20,30,25,21,29,25
addo_nyathi_full_out,Asparagus crassicladus,f,<2,li,mf,mf,mf,mf,mf,mf,l,l,l,l,l,l,2,2.5,2.5,3,2.5,2.5,0.1,0.1,0.1,0.1,0.1,0.1,52,100,90,78,68,77.6
addo_jack_in,Asparagus crassicladus,f,<2,li,mf,mf,clf,clf,clf,clf,l,m,m,m,m,m,3.5,1.2,3,1.5,3.4,2.52,0.1,0.1,0.1,0.1,0.1,0.1,22,48,170,60,172,94.4
addo_nyathi_full_in,Asparagus densiflorus,f,n,li,clf,clf,clf,crf,sf,clf,l,l,l,l,l,l,1.5,1,1.3,1.5,1.2,1.3,0.1,0.1,0.1,0.1,0.1,0.1,138,13,40,55,35,56.2
addo_nyathi_full_in,Asparagus subulatus,f,n,li,clf,clf,clf,clf,clf,clf,l,l,l,l,l,l,2,2.7,3,4,2,2.74,0.1,0.1,0.1,0.1,0.1,0.1,155,130,26,141,37,97.8
addo_nyathi_full_out,Asparagus subulatus,f,n,li,mf,mf,mf,mf,mf,mf,l,l,l,l,l,l,4,2.5,4,3.5,3.5,3.5,0.1,0.1,0.1,0.1,0.1,0.1,48,64,50,16,51,45.8
knp_satara_out,Bothriochloa insculpta,g,n,li,rt,rt,rt,rt,rt,rt,m,m,l,l,l,l,12.7,12.5,12.8,18,14,14,0.5,0.5,0.6,0.5,0.6,0.54,55,61,60,62,54,58.4
knp_roan_in,Cenchrus ciliaris,g,n,li,at,at,at,at,at,at,m,eh,eh,eh,eh,eh,13.5,25,24.5,25,30,23.6,0.3,0.7,0.6,0.6,0.9,0.62,53,93,88,82,95,82.2
pnr_in,Cenchrus ciliaris,g,n,li,at,at,at,at,at,at,eh,eh,eh,eh,eh,eh,22,29,16,17,15,19.8,0.5,0.6,0.5,0.7,0.5,0.56,53,72,80,75,72,70.4
knp_satara_out,Cenchrus ciliaris,g,n,li,at,at,at,at,at,at,l,l,l,l,l,l,24,25.2,20,28.7,23,24.18,0.8,0.7,0.6,0.8,0.7,0.72,80,87,90,100,84,88.2
knp_satara_in,Cenchrus ciliaris,g,n,li,sg,sg,sg,sg,sg,sg,l,l,l,l,l,l,29,24.6,22,23.5,16,23.02,1,0.7,0.7,0.7,0.5,0.72,110,95,74,89,100,93.6
knp_roan_out,Cenchrus ciliaris,g,n,li,rt,at,at,at,at,at,m,m,m,m,l,m,16,18,15,12.5,13.5,15,0.6,0.5,0.6,0.7,0.5,0.58,36,50,61,63,44,50.8
knp_nkuhlu_full_out,Chloris virgata,g,n,li,sg,sg,,,,sg,l,l,,,,l,7.5,7,,,,7.25,0.3,0.5,,,,0.4,30,40,,,,35
addo_jack_out,Cynodon dactylon,g,n,li,cg,cg,cg,cg,cg,cg,h,h,h,m,h,h,6,6.5,3.6,6.5,6,5.72,0.4,0.3,0.3,0.3,0.5,0.36,10,9,10,15,16,12
addo_nyathi_full_out,Cynodon dactylon,g,n,li,cg,cg,cg,cg,cg,cg,m,h,m,m,m,m,5.1,7.2,5.6,3.7,6.5,5.62,0.4,0.3,0.3,0.2,0.3,0.3,14,9,17,18,15,14.6
knp_nkuhlu_full_in,Cyperus cyperoides,g,n,li,rt,,,,,rt,l,,,,,l,30,,,,,30,0.4,,,,,0.4,17,,,,,17
knp_nkuhlu_full_out,Cyperus cyperoides,f,n,li,sf,sf,sf,,,sf,l,l,l,,,l,6,7,7,,,6.666666667,0.3,0.1,0.2,,,0.2,42,23,25,,,30
knp_nkuhlu_full_in,Cyperus dubius,g,n,li,rt,,,,,rt,l,,,,,l,20,,,,,20,0.3,,,,,0.3,11,,,,,11
knp_nkuhlu_full_out,Cyperus rupestris,g,n,li,rt,,,,,rt,l,,,,,l,14,,,,,14,0.1,,,,,0.1,10,,,,,10
knp_roan_in,Digitaria eriantha,g,n,li,at,at,sg,sg,at,at,m,l,l,l,m,l,30,20,28,25,28,26.2,0.9,0.8,1,1,1.5,1.04,105,80,100,85,80,90
knp_nkuhlu_full_in,Digitaria eriantha,g,n,li,sg,rt,sg,sg,sg,sg,l,l,l,l,l,l,18,54,46,47,42,41.4,0.8,0.4,0.4,0.3,0.4,0.46,50,40,42,23,42,39.4
knp_nkuhlu_full_out,Digitaria eriantha,g,n,li,sg,sg,sg,sg,sg,sg,l,l,l,l,l,l,14,24,17,13,16,16.8,0.5,0.5,0.6,0.5,0.8,0.58,20,30,12,20,18,20
knp_roan_out,Digitaria eriantha,g,n,li,sg,sg,sg,sg,sg,sg,l,l,l,l,l,l,19,15,31,15,17,19.4,0.4,0.9,1,1,1.1,0.88,60.2,50,53,70,61,58.84
knp_satara_out,Digitaria eriantha,g,n,li,sg,sg,sg,sg,sg,sg,l,l,l,l,l,l,30,20,17.5,17,17.5,20.4,0.6,0.8,0.7,0.6,0.7,0.68,78,36,50,93,64,64.2
knp_roan_in,Enneapogon cenchroides,g,n,li,sg,sg,sg,sg,sg,sg,l,l,l,l,l,l,16,22,12,10,18,15.6,0.4,0.5,0.3,0.4,0.4,0.4,41,55,67,70,81,62.8
knp_roan_out,Enneapogon cenchroides,g,n,li,sg,sg,sg,sg,sg,sg,l,l,l,l,l,l,16,10,11,11,16,12.8,0.5,0.4,0.4,0.3,0.5,0.42,25,45,40,42,50,40.4
addo_nyathi_full_in,Enneapogon scoparus,g,n,li,cg,,,,,cg,l,,,,,l,10,,,,,10,0.1,,,,,0.1,5,,,,,5
knp_nkuhlu_full_out,Eragrostis cylindrifolia,g,n,li,sg,sg,sg,sg,sg,sg,l,l,l,l,l,l,7,15,22.5,13,20,15.5,0.3,0.5,0.5,0.4,0.3,0.4,20,25,25,39,30,27.8
knp_nkuhlu_full_out,Eragrostis superba,g,n,li,sg,sg,sg,sg,sg,sg,l,l,l,l,l,l,13.5,15,12,12,7.5,12,0.5,0.7,0.4,0.5,0.4,0.5,50,50,34,50,44,45.6
pnr_in,Heteropogon contortus,g,n,li,lg,,,,,lg,h,,,,,h,18,,,,,18,0.5,,,,,0.5,71,,,,,71
knp_nkuhlu_full_in,Heteropogon contortus,g,n,li,rt,rt,rt,rt,rt,rt,l,l,l,l,l,l,20,14,14,22,22,18.4,0.5,0.5,0.4,0.6,0.5,0.5,92,90,70,110,90,90.4
knp_roan_in,Heteropogon contortus,g,n,li,sg,sg,sg,sg,sg,sg,l,l,l,l,l,l,21,23,22,24.5,14,20.9,0.3,0.3,0.4,0.5,0.3,0.36,85,83,70,60,45,68.6
knp_roan_out,Heteropogon contortus,g,n,li,sg,sg,sg,rt,rt,sg,l,l,l,l,l,l,20,14,28.5,21.7,17.5,20.34,0.5,0.4,0.4,0.5,0.5,0.46,30,49,31,52,46,41.6
knp_satara_out,Heteropogon contortus,g,n,li,sg,sg,at,sg,sg,sg,l,l,l,l,l,l,22,17.2,22.5,15.5,23.5,20.14,0.3,0.4,0.5,0.4,0.5,0.42,50,65,70,65,70,64
pnr_out,Heteropogon contortus,g,n,li,sg,,,,,sg,l,,,,,l,12,,,,,12,0.4,,,,,0.4,17,,,,,17
knp_satara_out,Ledebouria cooperi,f,n,li,rf,rf,rf,rf,rf,rf,l,l,l,l,l,l,45,37,31,30,42,37,2.6,3.2,2.2,2.4,1.6,2.4,38,22,32,12,41,29
knp_roan_out,Panicum coloratum,g,n,li,sg,sg,sg,sg,,sg,l,l,l,l,,l,16,15,15.5,27,,18.375,0.6,0.6,0.6,1,,0.7,60,57,41,53,,52.75
knp_satara_in,Panicum coloratum,g,n,li,sg,sg,sg,sg,rt,sg,l,l,l,l,m,l,29.5,10.5,18.5,15.5,26.5,20.1,0.7,0.5,0.9,0.5,0.8,0.68,70,70,65,70,75,70
knp_satara_out,Panicum coloratum,g,n,li,sg,sg,sg,sg,sg,sg,l,l,l,l,l,l,14,21,18.5,18.1,17.2,17.76,0.5,0.7,0.5,0.6,0.7,0.6,71,88,26,80,70,67
pnr_out,Panicum coloratum,g,n,li,sg,sg,,,,sg,l,l,,,,l,15,15,,,,15,0.6,0.5,,,,0.55,60,62,,,,61
knp_roan_in,Panicum coloratum,g,n,li,sg,sg,sg,sg,sg,st,l,l,l,l,l,l,15,17,20.5,19.5,2.7,14.94,0.5,0.5,0.6,0.7,0.6,0.58,80,72,70,80,81,76.6
pnr_in,Panicum coloratum,g,n,li,rt,rf,rt,rt,rt,rt,m,m,m,m,m,m,26,19,23,21,27,23.2,1.1,0.8,1.1,0.8,1.3,1.02,34,33,28,25,24,28.8
addo_nyathi_full_in,Panicum deustum,g,n,li,rt,rt,rt,rt,rt,rt,h,m,m,h,h,h,44,22,45,25,24,32,0.5,0.5,0.4,1,0.7,0.62,45,32,40,38,23,35.6
addo_nyathi_full_out,Panicum deustum,g,n,li,sg,rt,rt,rt,rt,rt,l,l,l,l,l,l,26,19,33,36,34,29.6,2,2.6,2,1.7,2.2,2.1,46,44,33,45,49,43.4
addo_jack_in,Panicum deustum,g,n,li,sg,sg,sg,sg,sg,sg,l,l,l,l,l,l,9.3,10.5,10,15,23,13.56,0.6,0.5,0.4,1.8,1.5,0.96,12,31,32,49,60,36.8
pnr_in,Panicum deustum,g,n,li,lg,lg,lg,lg,lg,lg,m,m,m,m,m,m,15,15,21,16,15.5,16.5,1,0.8,1.1,1.1,1.2,1.04,40,98,82,91,100,82.2
addo_jack_out,Panicum deustum,g,n,li,sg,sg,rt,rt,rt,rt,l,l,m,m,m,m,29,25,13,23,22.5,22.5,1.5,1.6,1.8,2,1.5,1.68,40,23,22,11,15,22.2
pnr_out,Panicum deustum,g,n,li,sg,,,,,sg,m,,,,,m,32,,,,,32,1.7,,,,,1.7,91,,,,,91
pnr_in,Panicum maximum,g,n,li,lg,lg,lg,lg,lg,lg,eh,eh,eh,eh,h,eh,21,27,13,24,26,22.2,1.8,1.5,1.5,1,1.6,1.48,81,68,81,83,120,86.6
pnr_out,Panicum maximum,g,n,li,sg,rt,lg,lg,lg,lg,m,l,h,h,h,h,8,14,51,29,39,28.2,1.8,0.6,1.5,1.4,1.5,1.36,73,44,91,82,85,75
knp_nkuhlu_full_in,Panicum maximum,g,n,li,rt,rt,rt,rt,rt,rt,l,l,m,m,l,l,27,30,21,24,23,25,1,1,0.9,1.1,0.8,0.96,50,60,90,85,74,71.8
knp_nkuhlu_full_out,Panicum maximum,g,n,li,rt,rt,rt,rt,rt,rt,l,l,l,l,l,l,30,12,6.5,20.5,24,18.6,1,0.8,0.5,0.9,1,0.84,70,62,50,55,66,60.6
knp_roan_out,Panicum maximum,g,n,li,rt,rt,rt,rt,rt,rt,m,m,l,l,l,l,11,21,31,32,35,26,1.1,1.2,1.1,1,1.1,1.1,70,90,91,75,80,81.2
knp_satara_in,Panicum maximum,g,n,li,rt,rt,rt,rt,rt,rt,l,h,m,l,l,l,33.5,33,20,40,20,29.3,1.2,1.5,0.9,1.5,0.4,1.1,57,60,70,65,75,65.4
addo_jack_out,Panicum maximum,g,n,li,rt,rt,sg,sg,sg,sg,m,m,l,l,l,l,15,11,25,13,16,16,0.8,0.7,1.1,1,1,0.92,13,14,18,16,18,15.8
addo_nyathi_full_in,Panicum maximum,g,n,li,sg,sg,sg,rt,sg,sg,l,l,l,l,l,l,12,8,6,7.5,5,7.7,0.7,0.3,0.4,0.5,0.5,0.48,33,34,19,26,36,29.6
addo_nyathi_full_out,Panicum maximum,g,n,li,sg,sg,sg,sg,sg,sg,l,l,l,l,l,l,14.5,15,15,12,22,15.7,1,1.2,0.8,1.2,1,1.04,22,10,28,32,21,22.6
knp_satara_out,Panicum maximum,g,n,li,sg,sg,sg,sg,sg,sg,l,l,l,m,m,l,37.5,35.3,29.3,29.5,17.1,29.74,1.4,1.1,0.9,1.3,1.2,1.18,62,53,65,70,55,61
knp_roan_in,Panicum maximum,g,n,li,rt,lg,rt,lg,lg,lg,l,m,m,h,m,m,19,26.5,42.5,43,41,34.4,1.2,1,1.4,2,2,1.52,65,152,95,120,105,107.4
knp_nkuhlu_full_out,Poaceae sp. 1,g,n,li,sg,sg,,,,sg,l,l,,,,l,10,10.5,,,,10.25,0.4,0.3,,,,0.35,35,40,,,,37.5
knp_nkuhlu_full_out,Pogonarthria squarrosa,g,n,li,sg,sg,sg,at,at,sg,l,l,l,l,l,l,18,14.7,11.2,14,12,13.98,0.3,0.4,0.4,0.2,0.4,0.34,14,14,13,16,16,14.6
addo_jack_out,Sansevieria hyacinthoides,f,n,li,rf,rf,rf,rf,rf,rf,m,m,h,h,h,h,54,25,38,43,46,41.2,3.5,3,2,5.5,2,3.2,57,40,36,60,55,49.6
addo_nyathi_full_out,Sansevieria hyacinthoides,f,n,li,rf,rf,rf,rf,rf,rf,l,l,l,l,l,l,30,46,50,35,42,40.6,2.5,6,3.5,9,3.5,4.9,30,46,50,35,42,40.6
addo_jack_in,Sansevieria hyacinthoides,f,n,li,sf,rf,rf,sf,rf,rf,m,h,h,m,m,m,21.5,12.5,18,30,52,26.8,3,3,3.5,3.5,5,3.6,22,15,18,26,60,28.2
knp_roan_in,Schmidtia pappophoroides,g,n,li,at,sg,sg,at,at,at,l,l,l,m,l,l,13.5,9.5,16,10,9.5,11.7,0.3,0.4,0.5,0.4,0.4,0.4,65,58,40,50,42,51
knp_nkuhlu_full_out,Schmidtia pappophoroides,g,n,li,sg,sg,sg,sg,sg,sg,l,l,l,l,l,l,15,8,5,9.5,9,9.3,0.4,0.5,0.3,0.4,0.5,0.42,25,30,40,32,30,31.4
knp_roan_out,Schmidtia pappophoroides,g,n,li,sg,sg,sg,sg,sg,sg,l,l,l,l,l,l,6.5,6.8,17,18,10.5,11.76,0.5,0.5,0.4,0.4,0.4,0.44,27,11,20,58,45,32.2
knp_roan_in,Setaria sphacelata,g,n,li,rt,rt,rt,sg,rt,rt,l,l,l,l,l,l,56,25.5,36,20.5,40,35.6,0.9,0.5,1,0.6,0.5,0.7,77,78,90,120,110,95
knp_roan_out,Setaria sphacelata,g,n,li,sg,sg,sg,sg,sg,sg,l,l,l,l,l,l,30.3,27,40,18,21,27.26,0.7,0.7,1,0.7,0.8,0.78,100,100,110,85,90,97
knp_roan_in,Sorghum versicolor,g,n,li,sg,sg,rt,sg,sg,sg,l,l,l,l,l,l,20.5,17,15,13.5,31.5,19.5,0.6,0.8,0.8,1,1,0.84,70,83,110,115,120,99.6
knp_roan_out,Sorghum versicolor,g,n,li,rt,rt,sg,sg,sg,sg,l,l,l,l,l,l,18.5,73,32,36.5,23,36.6,0.6,1.1,1,0.8,0.8,0.86,58,75,83,80,73,73.8
knp_nkuhlu_full_out,Sporobolus nitens,g,n,li,rt,rt,,,,rt,m,m,,,,m,9,10.7,,,,9.85,0.6,0.7,,,,0.65,7,8,,,,7.5
pnr_in,Themeda triandra,g,n,li,lg,sg,sg,lg,lg,lg,h,l,l,h,h,h,24,19,12,14.5,13,16.5,0.5,0.4,0.3,0.3,0.3,0.36,100,66,72,63,88,77.8
knp_roan_in,Themeda triandra,g,n,li,sg,rt,rt,rt,sg,rf,l,l,l,l,l,l,22,19.5,16.5,25,10,18.6,0.3,0.3,0.3,0.4,0.3,0.32,46,110,65,84,85,78
knp_satara_in,Themeda triandra,g,n,li,rt,rt,rt,rt,rt,rt,l,l,l,l,l,l,6.8,33,19,21.5,15,19.06,0.5,1.5,0.4,0.4,0.3,0.62,82,60,83,79,45,69.8
knp_satara_out,Themeda triandra,g,n,li,sg,sg,sg,sg,sg,sg,l,l,l,l,l,l,15.5,13,19,15.3,23.5,17.26,0.5,0.6,0.3,0.3,0.4,0.42,70,58,48,80,78,66.8
pnr_out,Themeda triandra,g,n,li,rt,rt,rt,rt,,rt,m,l,m,l,,m,16,16,20,21,,18.25,0.3,0.5,0.4,1,,0.55,50,90,93,70,,75.75
pnr_in,Trachypogon spicatus,g,n,li,lg,lg,lg,lg,lg,lg,h,h,eh,eh,eh,eh,78,54,104,98,93,85.4,0.6,0.8,1,0.9,1,0.86,42,106,72,85,97,80.4
pnr_out,Trachypogon spicatus,g,n,li,lg,rt,rt,rt,,rt,h,m,m,l,,m,27,60,40,2.5,,32.375,0.5,0.5,0.4,0.5,,0.475,60,60,55,50,,56.25
addo_jack_out,Tragus berteronianus,g,n,li,sg,sg,sg,sg,sg,sg,l,l,l,l,l,l,4.5,4,2.5,4,3,3.6,0.3,0.3,0.5,0.5,0.4,0.4,16,10,9,12,8,11
knp_roan_out,Tragus berteronianus,g,n,li,sg,sg,,,,sg,l,l,,,,l,5.5,3.5,,,,4.5,0.4,0.3,,,,0.35,7,11,,,,9
knp_roan_out,Urochloa mosambicensis,g,n,li,at,at,at,at,at,at,l,l,l,l,l,l,13,20,10,14,14.5,14.3,1,1.4,1,1.2,1.6,1.24,15,59,61,40,50,45
knp_nkuhlu_full_in,Urochloa mosambicensis,g,n,li,sg,rt,sg,,,sg,l,l,l,,,l,12,10.7,14.3,,,12.33333333,1,1,1.2,,,1.066666667,49,57,55,,,53.66666667
knp_nkuhlu_full_out,Urochloa mosambicensis,g,n,li,sg,sg,sg,sg,sg,sg,l,l,l,l,l,l,17.5,7,7.1,11,12.4,11,1.1,1,0.8,0.8,0.8,0.9,37,40,17,10,13,23.4
knp_roan_in,Urochloa mosambicensis,g,n,li,sg,sg,sg,at,at,sg,l,l,l,l,l,l,7.5,12,13.5,17,20,14,0.6,0.8,0.8,1.2,1.1,0.9,40,80,82,74,80,71.2
knp_satara_out,Urochloa mosambicensis,g,n,li,sg,sg,sg,sg,sg,sg,l,l,m,l,l,l,10.3,16.5,13.5,30,16.6,17.38,0.7,0.9,1.2,1,1.2,1,43,34,57,40,42,43.2
pnr_out,Urochloa mosambicensis,g,n,li,sg,sg,sg,,,sg,l,l,l,,,l,12,17,16,,,15,1.3,1,0.5,,,0.933333333,65,50,60,,,58.33333333
addo_nyathi_full_in,Sansevieria hyacinthoides,f,n,li ,rf,rf,rf,rf,rf,rf,l,l,l,l,l,l,45,38,43,16,23,33,4,6,4,5,6,5,40,23,18,17,15,22.6
knp_roan_out,Ceratotheca triloba,f,n,lo,sf,sf,sf,sf,sf,sf,l,m,l,m,l,l,5,6,4,3.5,4.7,4.64,5.5,2.5,3,3.7,6.5,4.24,27,112,72,71,68,70
addo_jack_in,Crassula tetragona,f,n,lo,sf,sf,sf,sf,sf,sf,h,h,h,h,h,h,3.7,2.6,3,3.6,3.4,3.26,1.3,1.3,1.3,1.5,1.2,1.32,39,77,86,63,41,61.2
addo_nyathi_full_out,Dalechampia capensis,f,n,lo,crf,crf,crf,crf,,crf,m,l,l,l,,l,5.5,6,9,6,,6.625,5,4,6.5,2.5,,4.5,30,21,17,19,,21.75
pnr_out,Hibiscus pusillus,f,n,lo,sf,sf,rf,sf,,sf,l,l,l,m,,l,3,5.3,3.5,9,,5.2,2.5,3.7,2.5,9.5,,4.55,13,33,8,55,,27.25
addo_nyathi_full_out,Ipomea ficifolia,f,n,lo,clf,clf,clf,clf,clf,clf,l,l,l,l,l,l,9.5,8.5,4.5,7,5,6.9,6.6,6.5,4,6,4,5.42,31,36,27,29,33,31.2
knp_roan_out,Merremia palmata,f,n,lo,clf,clf,clf,clf,clf,clf,m,m,l,l,l,l,6.5,5.9,3.5,5,8,5.78,4.7,5.3,3,6,8,5.4,65,70,50,70,65,64
pnr_in,Nidorella sp. 1,f,n,lo,sf,sf,,,,sf,l,l,,,,l,2.7,5,,,,3.85,0.9,1.5,,,,1.2,73,52,,,,62.5
pnr_out,Nidorella sp. 1,f,n,lo,sf,sf,sf,sf,sf,sf,l,l,l,l,l,l,3,3,2.8,3,3.1,2.98,1.5,0.6,0.3,0.5,0.5,0.68,85,80,70,50,60,69
pnr_out,Parthenium hysterophorus,f,n,lo,sf,,,,,sf,l,,,,,l,8,,,,,8,4,,,,,4,70,,,,,70
addo_nyathi_full_in,Pelargonium peltatum ,f,n,lo,suclf,sucrf,suclf,suclf,sucrf,suclf,l,l,l,l,l,l,4.5,3.5,4.5,4.5,4.6,4.32,5.2,4.2,4,3.2,4.5,4.22,15,25,65,161,32,59.6
addo_jack_in,Pelargonium peltatum ,f,n,lo,crf,rf,rf,sf,rf,rf,m,m,m,m,m,m,3.5,4,4.5,4.5,5,4.3,3,3.5,3.5,4.5,5.5,4,11,8,10,20,15,12.8
knp_nkuhlu_full_out,Tricliceras schinzii,f,n,lo,rf,,,,,rf,m,,,,,m,12,,,,,12,1.6,,,,,1.6,20,,,,,20
knp_roan_in,Cardiospermum halicacabum,f,n,pac,crf,crf,clf,clf,crf,crf,l,l,l,l,l,l,4.5,7,3.5,3.6,6,4.92,4.7,9,3,4,6.5,5.44,15,30,70,65,30,42
knp_roan_out,Colophospermum mopane,t,n,pac,mss,mst,sss,mss,mst,mss,h,h,m,h,eh,h,8.7,10.4,7.5,10,7,8.72,8,8.2,7.2,9,7,7.88,150,273,320,130,340,242.6
knp_roan_in,Colophospermum mopane,t,n,pac,mst,mst,mst,sst,mst,mst,h,h,h,m,m,h,8,8.5,9.3,9.4,9.6,8.96,7,6.3,8.6,8,8.3,7.64,500,430,800,850,900,696
knp_roan_in,Commiphora africana,s,<2,pac,sss,sss,sss,sss,sss,sss,m,m,l,m,m,m,5.2,3.1,3.9,4.6,5.1,4.38,3.1,2,2.6,2,2.7,2.48,80,90,110,105,102,97.4
pnr_in,Commiphora africana,s,n,pac,mss,sss,sss,sss,sss,sss,m,m,m,l,m,m,4,5.5,4.5,3.2,3.5,4.14,4.5,3,4,2.2,3.5,3.44,170,162,120,126,210,157.6
knp_nkuhlu_full_out,Crotalaria podocarpa,f,n,pac,sf,rf,sf,sf,,sf,l,m,l,l,,l,2.7,3.5,2.5,4.3,,3.25,2.1,3.5,3,5.2,,3.45,41,36,13,17,,26.75
knp_satara_out,Eriosema sp. 1,f,n,pac,mf,mf,mf,mf,mf,mf,m,m,l,h,m,m,6,7,7.5,7.6,6.8,6.98,5,7,7,9,7.3,7.06,30.5,42,32.5,30,33,33.6
knp_nkuhlu_full_out,Fabaceae sp. 5,f,n,pac,sf,rf,,,,rf,l,m,,,,l,1.5,1,,,,1.25,4.5,1,,,,2.75,30,35,,,,32.5
knp_nkuhlu_full_out,Hibiscus sidiformis,f,n,pac,sf,sf,sf,sf,,sf,l,l,l,l,,l,2.5,1,3.5,4.1,,2.775,2.1,1.5,1.7,3.7,,2.25,27,25,10,30.5,,23.125
knp_nkuhlu_full_in,Lannea schweinfurthii,s,n,pac,sss,sss,,,,sss,h,eh,,,,eh,7,14.2,,,,10.6,4,8.7,,,,6.35,60,160,,,,110
knp_satara_out,Philenoptera violacea,s,n,pac,sss,mss,sst,sss,,sss,l,h,eh,eh,,eh,7.4,15.3,16.2,16.5,,13.85,3.7,9.5,15,10.3,,9.625,80,166,340,167,,188.25
pnr_out,Ptycholobium plicatum,f,n,pac,crf,crf,crf,rf,crf,crf,l,l,m,m,m,m,4,3.5,2.5,3,2.5,3.1,4,3.4,3,3,3,3.28,11,32,13,24,8,17.6
addo_nyathi_full_out,Rhoicissus digitata,f,n,pac,clf,clf,clf,clf,clf,clf,l,l,l,l,l,l,10,8,8.5,8,8,8.5,8,7.5,8,10.5,14,9.6,175,96,34,26,60,78.2
addo_nyathi_full_in,Rhoicissus digitata,f,n,pac,crf,crf,crf,clf,clf,crf,l,l,l,l,l,l,13,9,15,8,10,11,9,7,12,10,7,9,30,13,16,330,44,86.6
addo_jack_in,Rhoicissus tridentata,f,n,pac,crf,clf,clf,crf,crf,crf,m,l,l,l,l,l,4,4.8,5,4.3,3.8,4.38,4.5,3.1,4.2,4,5,4.16,13,43,35,12,37,28
addo_jack_out,Rhoicissus tridentata,f,n,pac,crf,crf,crf,clf,clf,crf,m,l,l,l,l,l,3,3.6,3.2,3.5,3,3.26,2.5,5,2.5,3,2.5,3.1,39,24,29,80,38,42
addo_nyathi_full_in,Rhoicissus tridentata,f,n,pac,rf,rf,crf,crf,crf,crf,l,l,l,l,l,l,4.5,3.5,2.5,2.2,2.5,3.04,4.2,4,3,2.6,2.5,3.26,12,8,19,14,7,12
knp_nkuhlu_full_out,Rhynchosia totta,f,n,pac,crf,clf,clf,clf,clf,clf,l,l,m,l,l,l,4,3,4.1,2,4,3.42,5,3.5,5,3,4,4.1,20,50,25,60,60,43
knp_nkuhlu_full_in,Rhynchosia totta,f,n,pac,crf,crf,,,,crf,l,m,,,,l,3.8,5,,,,4.4,4.5,5,,,,4.75,19,10,,,,14.5
addo_nyathi_full_in,Searsia incisa,t,n,pac,mss,sst,mss,mss,mst,mss,h,h,l,eh,eh,h,4,5,4.7,2,2.5,3.64,3,4,3.5,3,3,3.3,310,160,100,240,210,204
addo_nyathi_full_in,Searsia pterota,s,>2,pac,sss,sss,sss,sss,sss,sss,l,l,l,l,l,l,6,6,5.5,4.5,4.5,5.3,5,4,5.5,4,3.5,4.4,46,42,33,80,59,52
addo_jack_in,Searsia pterota,s,>2,pac,mss,mss,mss,sss,mss,mss,h,m,m,l,l,m,4.5,2.1,2.6,7,8.3,4.9,4.5,2.5,3.1,6,6.4,4.5,175,176,209,142,234,187.2
addo_jack_out,Searsia pterota,t,>2,pac,mss,mss,sss,sss,sss,sss,m,h,l,l,m,m,4,3,6.6,3,6.8,4.68,3.5,1.8,6.4,2.5,4.9,3.82,250,250,50,63,71,136.8
knp_roan_in,Vigna vexillata,f,n,pac,clf,crf,crf,,,crf,m,m,l,,,m,6.5,8.8,9.4,,,8.233333333,7,6,6.6,,,6.533333333,85,25,65,,,58.33333333
addo_nyathi_full_in,Cheilanthes viridis,f,n,pic,rf,sf,rf,rf,rf,rf,l,l,l,l,l,l,5.5,5,10.5,4,8,6.6,3.5,4,4.5,2.5,3.5,3.6,10.5,7,6,0.5,21,9
knp_roan_out,Albizia harveyi,s,n,pic,mss,sss,sss,,,sss,m,m,m,,,m,11,14,16.5,,,13.83333333,5.6,5.9,7,,,6.166666667,110,70,91,,,90.33333333
pnr_in,Bolusanthus speciosus,t,n,pic,sst,mst,,,,mss,m,m,,,,m,20,18.5,,,,19.25,10,10.9,,,,10.45,400,380,,,,390
pnr_out,Bolusanthus speciosus,t,n,pic,sss,mss,mss,mss,sss,mss,m,m,m,m,l,m,21,20,18,13.5,20.5,18.6,10,14,11,10,10.5,11.1,210,300,310,310,160,258
knp_nkuhlu_full_in,Chamaecrista absus,f,n,pic,sf,sf,sf,,,sf,l,l,l,,,l,5.6,1.5,2,,,3.033333333,3,2,3,,,2.666666667,41,9,15,,,21.66666667
knp_nkuhlu_full_out,Chamaecrista absus,f,n,pic,sf,sf,rf,sf,sf,sf,m,l,l,m,m,m,2,5.3,3.5,4.5,4.5,3.96,3,4.2,2.6,3.9,4,3.54,25,29,13,22,54,28.6
knp_nkuhlu_full_out,Chamaecrista comosa,f,n,pic,sf,sf,sf,,,sf,m,l,l,,,l,5.3,4.6,5.2,,,5.033333333,0.9,0.6,0.3,,,0.6,33,37,30,,,33.33333333
knp_satara_out,Chamaecrista comosa,f,n,pic,rf,sf,sf,sf,sf,sf,l,l,l,l,l,l,3,2.6,5,1.5,2.7,2.96,0.7,0.7,0.8,1,0.6,0.76,8,15,23.5,10,10,13.3
knp_roan_in,Chamaecrista mimosoides,f,n,pic,sf,sf,sf,sf,sf,sf,l,l,l,l,l,l,5.5,4.7,7.5,6.5,8,6.44,0.8,0.8,1,1,1.3,0.98,61,68,70,65,66,66
knp_nkuhlu_full_in,Cheilanthes viridis,f,n,pic,rf,sf,rf,sf,sf,sf,m,m,m,m,,m,3.4,4,5.5,3,3.5,3.88,2.5,2,2.5,2,2,2.2,9,8.6,1.5,10,25,10.82
addo_jack_in,Clausena anisata,t,n,pic,sst,sss,,,,sss,h,l,,,,m,6,9.5,,,,7.75,3.1,4.5,,,,3.8,200,131,,,,165.5
knp_nkuhlu_full_out,Dalbergia melanoxylon,s,>2,pic,mss,,,,,mss,h,,,,,h,6.7,,,,,6.7,4.7,,,,,4.7,50,,,,,50
knp_nkuhlu_full_in,Dalbergia melanoxylon,s,>2,pic,sss,sss,,,,sss,l,l,,,,l,5.5,6.5,,,,6,2.5,2.5,,,,2.5,100,60,,,,80
knp_roan_in,Dalbergia melanoxylon,s,>2,pic,mss,sss,sss,sss,sss,sss,eh,l,m,m,m,m,10.5,9.5,7.6,8.6,10.7,9.38,4.7,3.6,2.5,4.1,5,3.98,183,174,230,200,196,196.6
pnr_out,Dichrostachys cinerea,s,>2,pic,sss,sss,sss,mst,mst,sss,h,h,m,m,m,h,7.5,3,5.5,3.5,4,4.7,5.5,4.5,4,3.5,3.5,4.2,60,151,150,450,410,244.2
knp_roan_in,Dichrostachys cinerea,s,>2,pic,mss,mss,mss,,,mss,l,l,l,,,l,7,6,5,,,6,3,3.5,3,,,3.166666667,100,140,150,,,130
knp_satara_out,Dichrostachys cinerea,s,>2,pic,sss,sss,mss,sss,mss,sss,l,l,l,l,m,l,2,3,4,2.1,2.6,2.74,1.7,2.5,3,2.6,2.3,2.42,48,30,111,50,120,71.8
knp_nkuhlu_full_out,Dichrostachys cinerea,s,>2,pic,mss,mss,sss,mss,mss,mss,h,m,m,m,m,m,4.5,3,4.5,4.7,5,4.34,3.5,2.5,4.5,3.7,4.9,3.82,41,95,50,70,45,60.2
pnr_in,Dichrostachys cinerea,s,<2,pic,mss,mss,mss,mss,sss,mss,m,m,eh,h,m,m,8.7,7.1,4,6,6.5,6.46,5.5,5.3,3.8,4,4.6,4.64,72,90,326,400,215,220.6
knp_nkuhlu_full_in,Dichrostachys cinerea,s,<2,pic,mst,mst,mss,mst,mss,mst,h,m,m,m,m,m,7.5,3.1,4.4,8,4.9,5.58,4,2.6,2.1,5,2.6,3.26,350,400,62,124,89,205
knp_nkuhlu_full_in,Euclea divinorum,s,n,pic,mss,mss,mss,mss,,mss,m,h,h,h,,h,6.6,5.5,6.5,9,,6.9,1.6,2.1,3,2.6,,2.325,105,150,70,155,,120
addo_nyathi_full_in,Euclea undulata,t,n,pic,sss,sst,sst,mst,sst,sst,m,m,m,l,l,m,3.1,4.2,2.6,1.8,2.5,2.84,1.9,2.5,1,1,1.3,1.54,93,307,268,450,406,304.8
addo_nyathi_full_out,Euclea undulata,t,n,pic,sst,sst,sst,sst,sst,sst,m,m,m,m,m,m,2.7,2.7,2.8,2,2,2.44,1.2,1.5,1.1,0.7,0.7,1.04,423,400,419,253,393,377.6
pnr_out,Indigastrum sp. 1,f,n,pic,sf,,,,,sf,l,,,,,l,1.8,,,,,1.8,1.3,,,,,1.3,25,,,,,25
knp_nkuhlu_full_out,Indigofera filipes,f,n,pic,sf,sf,,,,sf,l,l,,,,l,5,4,,,,4.5,2.5,2,,,,2.25,45,47,,,,46
knp_roan_in,Indigofera holubii,f,n,pic,mf,sf,sf,mf,mf,mf,h,m,m,m,h,m,6.5,4.5,6.5,5,4.6,5.42,4.5,5.5,5,3.5,4.2,4.54,47,41,55,63,80,57.2
knp_roan_out,Indigofera schimperi,f,n,pic,rf,,,,,rf,m,,,,,m,8,,,,,8,6,,,,,6,26,,,,,26
knp_nkuhlu_full_out,Indigofera tinctoria,s,n,pic,sss,sss,,,,sss,l,m,,,,l,7,6.2,,,,6.6,4,3.3,,,,3.65,90,40,,,,65
knp_nkuhlu_full_out,Indigofera vicioides,f,n,pic,sf,rf,,,,sf,l,l,,,,l,2.9,2.6,,,,2.75,2,2,,,,2,15,10,,,,12.5
knp_roan_in,Indigofera vicioides,f,n,pic,sf,sf,sf,rf,mf,sf,l,l,l,l,l,l,2.5,3,3,2,4,2.9,1.5,1.3,1.4,1.4,2,1.52,15,22,37,10,38,24.4
knp_roan_out,Indigofera vicioides,f,n,pic,rf,,,,,rf,m,,,,,m,5.2,,,,,5.2,2.1,,,,,2.1,31,,,,,31
knp_satara_out,Lannea schweinfurthii,s,n,pic,sss,sss,sss,sss,sss,sss,l,m,h,h,h,h,13,25,13,12.9,14,15.58,5.5,11,5.9,8.5,6.5,7.48,48,70,45,41,43,49.4
addo_nyathi_full_out,Maerua cafra,t,n,pic,sst,sst,,,,sst,l,l,,,,l,4,5,5,4.5,5,4.7,4,3.5,4.5,3.5,3.3,3.76,275,410,,,,342.5
pnr_out,Ormocarpum trichocarpum,s,n,pic,sss,,,,,sss,h,,,,,h,2,,,,,2,1,,,,,1,52,,,,,52
knp_satara_out,Ormocarpum trichocarpum,s,n,pic,sss,sss,sss,sss,sss,sss,l,l,l,l,l,l,1.8,1.6,1.1,1.9,1.6,1.6,1,1,1,1,1.3,1.06,66,65,60,51,30,54.4
knp_nkuhlu_full_out,Ormocarpum trichocarpum,s,n,pic,sss,,,,,sss,m,,,,,m,7.3,,,,,7.3,1.1,,,,,1.1,90,,,,,90
pnr_in,Ormocarpum trichocarpum,s,n,pic,sss,sss,,,,sss,l,m,,,,,2.5,2.4,,,,2.45,1.3,1.3,,,,1.3,50,84,,,,67
knp_roan_out,Philenoptera violacea,s,n,pic,sss,mss,mss,mss,mss,mss,m,h,m,h,h,h,18,24,18,17,16,18.6,13,18,14,12,9,13.2,100,110,130,120,110,114
knp_nkuhlu_full_in,Phyllanthus tenellus,f,n,pic,rf,sf,,,,rf,l,l,,,,l,3,4.9,,,,3.95,1,4.3,,,,2.65,10,27,,,,18.5
knp_satara_out,Phyllanthus tenellus,f,n,pic,rf,,,,,rf,l,,,,,l,2,,,,,2,1.7,,,,,1.7,12,,,,,12
knp_nkuhlu_full_out,Phyllanthus tenellus,f,n,pic,sf,sf,sf,sf,sf,sf,l,l,l,l,l,l,4.5,4.5,4.5,2.5,2.5,3.7,1.8,1.6,2.5,1.4,1.1,1.68,29,20,18,10,7,16.8
knp_roan_in,Phyllanthus tenellus,f,n,pic,mf,sf,sf,sf,,sf,l,l,l,l,,l,3.8,6,4,5,,4.7,1.4,1.1,0.5,3,,1.5,26,38,17,30,,27.75
addo_nyathi_full_in,Ptaeroxylon obliquum,t,n,pic,sst,sss,sst,sst,sst,sst,m,m,m,m,m,m,6.5,12,17,12,13,12.1,2.6,6,10,5.5,5,5.82,270,97,300,270,210,229.4
addo_nyathi_full_out,Ptaeroxylon obliquum,t,n,pic,sst,sst,sst,sst,sst,sst,m,m,m,m,m,m,8,8.5,13.5,10,9.5,9.9,4,5.5,4.5,4.2,4.5,4.54,378,160,350,350,480,343.6
addo_jack_in,Schotia afra,t,n,pic,mss,sss,mst,mst,mst,mst,l,l,h,m,h,h,6,4.5,5.1,5.8,3.5,4.98,2.5,1.8,2.5,3.5,2.5,2.56,250,136,430,421,372,321.8
addo_jack_out,Schotia afra,t,n,pic,sst,sst,sst,sst,mst,sst,h,eh,h,l,m,h,4,3,3,4,3.5,3.5,1.5,2,1.5,1.3,1.8,1.62,150,121,253,138,247,181.8
addo_nyathi_full_in,Schotia afra,t,n,pic,mst,mst,mst,sst,sst,mst,m,l,l,l,l,l,4.3,4.5,4.5,4,3,4.06,2.5,2.5,2,1.5,2,2.1,520,400,491,347,357,423
addo_nyathi_full_out,Schotia afra,t,n,pic,sst,sst,sst,sst,sst,sst,m,m,m,m,m,m,4.2,3.5,4.5,3.5,4.5,4.04,2.2,2,2.7,1.6,2,2.1,411,325,438,403,340,383.4
knp_roan_in,Sclerocarya birrea,t,n,pic,sst,sst,sst,sst,,sst,h,h,h,h,,h,24,22.5,23,20,,22.375,11,10.5,12.5,9.5,,10.875,900,700,1300,1200,,1025
knp_nkuhlu_full_out,Sclerocarya birrea,t,n,pic,sss,,,,,sss,m,,,,,m,10,,,,,10,7,,,,,7,35,,,,,35
pnr_out,Sclerocarya birrea,t,n,pic,sst,sst,,,,sst,m,h,,,,,20,8.5,,,,14.25,10,10,,,,10,500,684,,,,592
addo_nyathi_full_out,Searsia incisa,s,>2,pic,mss,sss,sss,sss,sss,sss,h,m,m,l,m,m,3.5,3.5,3.5,2.7,5,3.64,3,3.5,3.7,3.5,3.7,3.48,173,29,18,18,53,58.2
addo_nyathi_full_in,Searsia laevigata,s,>2,pic,mss,mss,mss,mss,sss,mss,l,l,l,l,l,l,4.5,5,5,4,4,4.5,3,4,4,4,4,3.8,310,339,342,25,96,222.4
addo_nyathi_full_out,Searsia pterota,t,n,pic,mss,,,,,mss,m,,,,,m,5,5,5,6.4,3.5,4.98,4,4,4,4,5,4.2,205,,,,,205
pnr_out,Senegalia caffra,t,<2,pic,sss,sst,,,,sss,l,eh,,,,,3,4,,,,3.5,2.9,2.5,,,,2.7,40,400,,,,220
knp_roan_in,Senegalia nigrescens,t,<2,pic,sss,sss,mst,sst,sst,sst,h,m,h,h,m,h,4,8,10,12,11,9,3,4.8,7.6,6,5,5.28,141,106,1300,1200,1000,749.4
pnr_out,Senegalia nigrescens,t,<2,pic,sst,sst,sst,sst,,sst,l,h,h,h,,h,1,6.5,4.7,5,,4.3,1.5,5,4.3,5,,3.95,17,700,400,370,,371.75
knp_nkuhlu_full_in,Senegalia nigrescens,t,<2,pic,sst,sss,sss,sss,,sss,h,m,m,l,,m,22,8.6,4.5,4.3,,9.85,10,5.7,3,3.5,,5.55,1000,84,130,165,,344.75
knp_nkuhlu_full_out,Senegalia nigrescens,s,<2,pic,sss,sss,sss,,,sss,l,m,m,,,m,5,4.4,5.5,,,,3,3.2,3.5,,,,35,27,32,,,31.33333333
knp_roan_out,Sesbania bispinosa,f,n,pic,sf,sf,sf,sf,sf,sf,l,l,m,l,l,l,26,23,40,21,27,27.4,3.5,3.2,3,5,5,3.94,106,101,180,210,145,148.4
pnr_out,Tephrosia polystachya,f,n,pic,sf,sf,,,,sf,m,l,,,,,6.5,4.5,,,,5.5,5.5,4,,,,4.75,44,21,,,,32.5
knp_roan_in,Tephrosia polystachya ,f,n,pic,mf,mf,,,,mf,l,l,,,,l,8,10,,,,9,5,6,,,,5.5,44,50,,,,47
knp_roan_out,Tephrosia polystachya ,f,n,pic,rf,rf,rf,rf,sf,rf,m,m,h,l,l,l,10,11,10.8,3,11,9.16,6,5,7,2.5,8,5.7,43,45,42,15,60,41
knp_satara_out,Tephrosia purpurea,f,n,pic,sf,mf,mf,mf,mf,mf,l,l,l,l,l,l,4.1,6,4,6.5,2,4.52,2.5,4,3.2,2.5,2.5,2.94,30,20,14,20,17,20.2
knp_roan_out,Tephrosia purpurea,f,n,pic,rf,rf,rf,,,rf,l,l,l,,,l,5,7,8,,,6.666666667,3,4,3,,,3.333333333,35,24,46,,,35
knp_nkuhlu_full_out,Tephrosia purpurea,f,n,pic,mf,sf,sf,sf,mf,sf,m,l,l,l,l,l,2.5,2.8,6,6,6,4.66,3,2.5,2,2.5,3.1,2.62,25,27,13,15,12.4,18.48
knp_nkuhlu_full_in,Tephrosia purpurea,f,n,pic,rf,mf,rf,sf,rf,rf,m,m,l,m,m,m,5.5,5,2.5,6.5,5.5,5,3.5,3.4,2.5,4.4,3.7,3.5,10,40,18,42,26,27.2
pnr_out,Tephrosia purpurea,f,n,pic,rf,rf,mf,,,rf,m,l,,,,m,5,5,4,,,4.666666667,2.5,7,2.5,,,4,20,35,22,,,25.66666667
knp_nkuhlu_full_out,Vachellia exuvialis,t,>2,pic,sss,,,,,sss,h,,,,,h,6,,,,,6,3.9,,,,,3.9,35,,,,,35
knp_nkuhlu_full_in,Vachellia exuvialis,t,>2,pic,mst,mst,sst,mst,sst,mst,m,m,m,m,m,m,6,4.6,8.3,5.7,10.5,7.02,3.5,2.2,4,4.5,3.7,3.58,260,164,155,190,134,180.6
pnr_out,Vachellia gerrardii,t,>2,pic,sst,sst,sst,sst,sst,sst,h,h,m,h,m,h,5.5,5.5,6,5,4,5.2,5,3,,,,4,210,400,420,325,140,299
knp_nkuhlu_full_out,Vachellia gerrardii,s,>2,pic,mss,mss,sss,,,mss,m,m,,,,m,7,3,4,,,4.666666667,3.6,1.3,2.2,,,2.366666667,31,50,50,,,43.66666667
knp_nkuhlu_full_in,Vachellia gerrardii,s,>2,pic,sss,sss,mss,,,sss,m,l,m,,,m,3,4,7,,,4.666666667,1.5,2.8,3,,,2.433333333,160,160,210,,,176.6666667
knp_nkuhlu_full_in,Vachellia grandicornuta,t,>2,pic,sst,,,,,sst,h,,,,,h,4.9,,,,,4.9,4.4,,,,,4.4,1200,,,,,1200
pnr_in,Vachellia karroo,t,>2,pic,sst,mst,sst,,,sst,m,m,h,,,m,4.5,6.8,7,,,6.1,3,3.5,5,,,3.833333333,100,365,250,,,238.3333333
pnr_out,Vachellia karroo,t,>2,pic,sst,,,,,sst,m,,,,,m,6.7,,,,,6.7,4.5,,,,,4.5,600,,,,,600
pnr_out,Vachellia tortillis,t,<2,pic,mst,,,,,mst,m,,,,,m,5,,,,,5,4,,,,,4,700,,,,,700
pnr_in,Vachellia tortillis,t,>2,pic,mst,mst,sst,sst,sst,sst,h,h,l,l,m,m,5,2.7,5.5,4.5,4.5,4.44,3.5,1.5,3,2.6,3.2,2.76,132,136,650,500,430,369.6
pnr_out,Abutilon austroafricanum,f,n,si,sf,sf,sf,sf,,sf,l,l,m,l,,l,5,5,4.1,7,,5.275,1,3,3.2,3.9,,2.775,32,85,64,53,,58.5
pnr_out,Abutilon grandifolium,f,n,si,rf,sf,sf,sf,sf,sf,l,l,l,m,l,l,6.2,13,12,10,10,10.24,5,11,10.5,9.5,8,8.8,19,123,142,86,145,103
pnr_in,Abutilon grandifolium,f,n,si,sf,sf,sf,sf,sf,sf,m,m,m,m,h,m,7.5,8,8.5,7,9.3,8.06,8,7,7,5.6,8,7.12,78,66,112,110,84,90
knp_nkuhlu_full_in,Abutilon rehmannii,f,n,si,sf,sf,sf,sf,sf,sf,m,l,m,m,m,m,3,3,4.6,2.9,3,3.3,3.5,2.5,2.7,2.6,2.5,2.76,22,23,36,19,25,25
knp_nkuhlu_full_out,Abutilon rehmannii,f,n,si,sf,sf,sf,sf,sf,sf,m,m,m,m,h,m,6,4,3.6,4,4.6,4.44,3.9,3.5,3.5,3,2.9,3.36,85,50,26,37,45,48.6
addo_jack_in,Abutilon sonneratianum,f,n,si,sf,sf,mf,rf,sf,sf,l,l,l,l,l,l,1,1.5,3.2,1.5,3.5,2.14,1.1,1.4,3,1,3,1.9,5,7,27,11,19,13.8
addo_jack_out,Abutilon sonneratianum,f,n,si,sf,rf,sf,sf,crf,sf,l,h,l,l,m,l,2.6,2.3,4,2.6,5,3.3,2.5,2.4,3,1.8,3.2,2.58,12,8,31,175,32,51.6
addo_nyathi_full_in,Abutilon sonneratianum,f,n,si,sf,sf,sf,sf,sf,sf,l,l,l,l,l,l,3.6,6.5,8,3.3,3.5,4.98,2.5,4.8,6,3.5,2.6,3.88,39,190,84,39,19,74.2
addo_nyathi_full_out,Abutilon sonneratianum,f,n,si,sf,sf,sf,sf,sf,sf,l,l,l,l,m,l,6.5,4.5,3.3,4,2.5,4.16,5.7,2,2.7,3,2.2,3.12,33,46,53,44,7,36.6
pnr_in,Achyranthes aspera,f,n,si,mf,mf,mf,sf,mf,mf,l,l,l,l,l,l,6.3,6,6.8,6,6,6.22,2.4,2.7,3.8,3,3.5,3.08,43,23,160,123,126,95
pnr_out,Achyranthes aspera,f,n,si,sf,sf,sf,sf,sf,sf,m,m,m,m,m,m,6,3,3.5,5.2,6.7,4.88,4,2.5,2.5,2.9,3.4,3.06,68,65,55,59,62,61.8
addo_jack_out,Aizoon pubescens,f,n,si,rf,rf,rf,rf,rf,rf,l,m,m,l,m,m,1.2,2,3,2.5,1.7,2.08,0.5,1,1.5,1.5,1,1.1,9,11,8,6,8,8.4
knp_satara_in,Albizia harveyi,t,n,si,mst,mst,,,,mst,m,m,,,,m,15,13,,,,14,7,5,,,,6,180,170,,,,175
addo_jack_in,Aloe africana,t,n,si,susss,susst,susss,susss,susss,susss,h,h,h,h,h,h,44,47,42,47,67,49.4,5,3,4,3,5,4,135,75,294,135,153,158.4
pnr_out,Asparagus africanus,f,n,si,clf,,,,,clf,l,,,,,l,1.8,,,,,1.8,0.1,,,,,0.1,40,,,,,40
addo_nyathi_full_in,Asparagus africanus,f,<2,si,mf,mf,mf,mf,mf,mf,l,l,l,m,l,l,1.5,1.8,1.6,1.5,1.3,1.54,0.1,0.1,0.1,0.1,0.1,0.1,22,54,28,117,44,53
addo_jack_in,Asparagus africanus,f,<2,si,rf,sf,clf,sf,sf,sf,l,l,l,l,l,l,1.8,1.8,1.9,1.5,2.1,1.82,0.1,0.1,0.1,0.1,0.1,0.1,18,159,296,86,74,126.6
addo_nyathi_full_in,Asparagus asparagoides,f,n,si,clf,clf,clf,,,clf,l,l,l,,,l,4,4,4,4,3.5,3.9,2.5,2,2,2,2,2.1,44,106,20,,,56.66666667
addo_jack_out,Asparagus burchellii,f,<2,si,clf,clf,crf,clf,clf,clf,m,l,l,l,m,l,0.6,0.5,0.4,0.5,0.4,0.48,0.05,0.05,0.05,0.05,0.05,0.05,49,62,39,81,52,56.6
addo_jack_in,Asparagus burchellii,s,<2,si,clf,mf,clf,mf,mf,mf,l,l,l,l,l,l,0.4,0.5,0.3,0.6,0.5,0.46,0.05,0.05,0.05,0.05,0.05,0.05,145,94,88,73,64,92.8
addo_jack_out,Asparagus crassicladus,f,<2,si,mf,clf,clf,clf,clf,clf,l,l,m,h,l,l,1.7,2,1.9,2.7,1.5,1.96,0.1,0.1,0.1,0.1,0.1,0.1,42,38,96,68,74,63.6
addo_jack_out,Asparagus densiflorus,f,<2,si,mf,mf,mf,rf,rf,mf,m,h,l,l,m,m,1.5,1,2.1,1.9,1.6,1.62,0.1,0.1,0.1,0.1,0.1,0.1,11,32,36,20,12,22.2
addo_jack_in,Asparagus densiflorus,f,<2,si,mf,clf,rf,rf,rf,rf,m,l,m,m,h,m,1.4,1,1.6,1.4,1.5,1.38,0.1,0.1,0.1,0.1,0.1,0.1,41,200,15,54,40,70
addo_jack_out,Asparagus striatus,f,n,si,mf,mf,mf,sf,mf,mf,l,m,l,l,l,l,2.5,1.5,1.5,3.5,3.6,2.52,0.4,0.4,0.2,0.3,0.3,0.32,26,39,41,24,36,33.2
addo_jack_in,Asparagus striatus,f,<2,si,rf,sf,rf,sf,sf,sf,l,l,l,l,l,l,4,3,3.5,3,3.5,3.4,0.3,0.3,0.3,0.3,0.3,0.3,43,33,28,30,48,36.4
addo_jack_in,Asparagus subulatus,f,n,si,mf,mf,mf,clf,clf,mf,l,l,l,l,l,l,2.2,2.6,1.9,2.4,2.8,2.38,0.1,0.1,0.1,0.1,0.1,0.1,26,52,68,31,39,43.2
addo_jack_out,Asparagus subulatus,f,n,si,mf,clf,clf,rf,mf,mf,l,l,l,l,l,l,2.5,3,2.9,3,1.5,2.58,0.1,0.1,0.1,0.1,0.1,0.1,34,131,137,21,35,71.6
knp_roan_in,Aspilia mossambicensis,s,n,si,mss,mss,mss,mss,mss,mss,eh,m,h,eh,eh,eh,6.3,5.6,10,5.7,6.4,6.8,1.6,1.5,3.5,1.8,2.8,2.24,90,91,110,90,100,96.2
addo_nyathi_full_in,Azima tetracantha,s,>2,si,mss,sss,sss,mss,mss,mss,eh,eh,h,eh,h,eh,2,2.5,3,3,2.7,2.64,1.3,1.2,0.7,1,1,1.04,150,115,40,110,100,103
addo_nyathi_full_out,Azima tetracantha,s,>2,si,mss,mss,mss,mss,mss,mss,eh,eh,eh,eh,eh,eh,3,3,2.7,2.5,2,2.64,1.7,1.5,1.5,1.5,1.3,1.5,146,139,120,110,110,125
addo_jack_out,Azima tetracantha,s,>2,si,sss,mss,mss,mss,mss,mss,h,h,h,h,m,h,2.4,3.5,3,2.9,3.5,3.06,1.1,2.2,2,1.8,2.3,1.88,115,214,295,235,230,217.8
pnr_in,Azima tetracantha,s,<2,si,sss,sss,,,,sss,l,l,,,,l,3.5,4,,,,3.75,2.5,3,,,,2.75,23,44,,,,33.5
pnr_out,Azima tetracantha,s,<2,si,sss,sss,mss,,,sss,l,l,l,,,l,2.6,3,2,,,2.533333333,1.8,1.5,1.1,3.5,2.9,2.16,60,20,120,,,66.66666667
addo_jack_in,Azima tetracantha,s,>2,si,mss,mss,sss,mss,sss,mss,m,m,m,h,m,m,2.5,2.5,4,2.1,2.6,2.74,2,1,2,1,1,1.4,160,171,100,180,100,142.2
knp_satara_out,Balanites maughamii,t,>2,si,mst,,,,,mst,h,,,,,h,2.7,,,,,2.7,1.6,,,,,1.6,420,,,,,420
pnr_in,Barleria elegans,f,n,si,mf,sf,sf,sf,sf,sf,m,l,l,l,l,l,6.5,6.7,9.4,9.6,7.2,7.88,3.7,3.4,4.2,4.1,2.4,3.56,37,120,72,128,93,90
pnr_out,Barleria elegans,f,n,si,sf,sf,sf,sf,sf,sf,l,l,l,l,l,l,7,8,11,10,7,8.6,3,3.4,4,4,3.5,3.58,17,53,92,45,70.2,55.44
pnr_out,Blepharis integrifolia,f,n,si,sf,sf,,,,sf,l,l,,,,l,3.5,2.6,,,,3.05,0.6,0.5,,,,0.55,15,12,,,,13.5
knp_satara_in,Bothriochloa insculpta,g,n,si,at,at,,,,at,m,l,,,,m,13,14,,,,13.5,0.6,0.6,,,,0.6,56,46,,,,51
addo_jack_out,Cadaba aphylla,f,n,si,rf,rf,rf,rf,rf,rf,h,h,l,h,h,h,0.4,1,0.4,1.6,,0.85,0.05,0.5,0.4,0.3,,0.3125,136,60,110,61,159,105.2
addo_jack_out,Capparis sepiaria,s,<2,si,mss,mss,mss,mss,mss,mss,m,h,h,eh,eh,h,2.5,2.6,4.3,3.9,3.8,3.42,1.5,1.8,1.2,1.5,1.9,1.58,145,216,129,132,190,162.4
addo_jack_in,Capparis sepiaria,s,<2,si,mss,sss,mss,sss,mss,mss,l,l,m,l,m,l,4.2,3.5,4.6,4.5,4.2,4.2,1.5,1.5,1.5,2.2,1.9,1.72,125,151,209,183,172,168
addo_nyathi_full_out,Capparis sepiaria,s,<2,si,mss,mss,mss,mss,mss,mss,l,l,l,l,m,l,3.7,3.5,4,4.5,3.5,3.84,2,1.5,1.6,1.5,1.3,1.58,200,123,172,200,220,183
addo_nyathi_full_in,Capparis sepiaria,s,<2,si,sss,mss,mss,sss,sss,sss,l,l,l,l,l,l,3.5,3.5,3.5,4,4.5,3.8,2,2,2.3,1.6,2.2,2.02,330,250,340,135,155,242
pnr_in,Capparis tomentosa,s,<2,si,sss,,,,,sss,l,,,,,l,2,,,,,2,0.8,,,,,0.8,110,,,,,110
pnr_out,Capparis tomentosa,s,<2,si,mss,sss,,,,sss,l,h,,,,m,6,3.2,,,,4.6,2.5,1.6,,,,2.05,150,81,,,,115.5
addo_jack_out,Carissa bispinosa,s,>2,si,mss,mss,mss,mss,,mss,h,h,h,h,,h,2.4,4.2,1.9,2.5,,2.75,1.2,1.2,1,1.5,,1.225,220,92,32,148,,123
addo_nyathi_full_out,Carissa bispinosa,s,>2,si,mss,mss,mss,mss,mss,mss,h,h,h,h,h,h,2.5,2.3,2.7,2.5,1.9,2.38,1.1,1.2,1.4,1.5,1.3,1.3,184,280,107,183,215,193.8
addo_nyathi_full_in,Carissa bispinosa,s,>2,si,mss,mss,sss,mss,mss,mss,l,l,l,l,l,l,4,3,3,3,3,3.2,1.4,1.5,1.6,1.5,1.8,1.56,232,210,40,230,238,190
addo_jack_in,Carissa bispinosa,s,>2,si,mss,mss,,,,mss,l,m,,,,,2.7,3.5,,,,3.1,1.6,1.5,,,,1.55,235,140,,,,187.5
addo_nyathi_full_in,Cassine peragua,t,n,si,mst,mst,,,,mst,l,l,,,,l,3.5,5.9,,,,4.7,2,2.1,,,,2.05,200,170,,,,185
addo_jack_out,Chaenostoma campanulatum,f,n,si,mf,mf,rf,mf,mf,mf,l,l,l,l,l,l,1,1.5,4.5,2,1.5,2.1,0.5,0.8,1.3,0.8,0.8,0.84,14,15,17,23,24,18.6
addo_nyathi_full_out,Chaenostoma campanulatum,f,n,si,sf,sf,mf,mf,mf,mf,m,l,m,l,l,l,1,0.6,2.6,2,1.1,1.46,0.8,0.4,1,1,0.7,0.78,10.5,24,30.4,29,23,23.38
knp_satara_out,Chascanum hederaceum,f,n,si,crf,,,,,crf,m,,,,,m,3.5,,,,,3.5,2.8,,,,,2.8,7,,,,,7
knp_satara_in,Chascanum hederaceum,f,n,si,sf,mf,,,,mf,m,m,,,,m,1.5,4,,,,2.75,1.5,3,,,,2.25,30,20,,,,25
knp_nkuhlu_full_in,Cissus cornifolia,s,n,si,sss,,,,,sss,h,,,,,h,5.5,,,,,5.5,1.8,,,,,1.8,90,,,,,90
knp_nkuhlu_full_out,Combretum apiculatum,t,n,si,sss,sst,mss,mss,mss,mss,l,h,eh,eh,m,eh,5.5,6.5,4.5,5.5,5,5.4,4,4.5,3,3,2.6,3.42,200,350,100,280,110,208
knp_nkuhlu_full_in,Combretum apiculatum,t,n,si,mst,mss,sss,sst,mst,mst,h,m,m,eh,h,m,6.5,3.8,6.5,4.5,8,5.86,3.5,2.9,3,2.5,4,3.18,500,110,220,400,500,346
knp_satara_out,Combretum hereroense,t,n,si,mst,mst,mst,sst,mst,mst,eh,eh,eh,eh,eh,eh,3.4,3.5,2.4,2.5,4,3.16,2,1.7,2.3,0.9,2.1,1.8,400,390,480,450,480,440
knp_nkuhlu_full_in,Combretum hereroense,s,n,si,mss,mss,mss,,,mss,h,m,h,,,h,3.5,4,3.6,,,3.7,1.5,2.8,2.3,,,2.2,250,10,248,,,169.3333333
knp_satara_in,Combretum hereroense,t,n,si,mst,mst,,,,mst,m,h,,,,h,2.8,2.9,,,,2.85,1.3,1.8,,,,1.55,30,550,,,,290
knp_nkuhlu_full_out,Combretum hereroense,s,n,si,sss,sss,sss,,,sss,l,h,m,,,h,6.5,4,3.7,,,4.733333333,4.5,2.4,2.6,,,3.166666667,100,170,56,,,108.6666667
knp_roan_out,Combretum imberbe,t,n,si,sst,sst,sst,sst,sss,sst,eh,eh,eh,h,h,eh,3.5,3.5,3,4,3.5,3.5,1.6,1.7,1.5,1.7,1.6,1.62,460,395,250,570,210,377
knp_roan_in,Combretum imberbe,t,n,si,mst,mst,mss,mst,mst,mst,h,h,eh,h,h,h,3.2,4,3.1,5,4.2,3.9,2.6,1.6,1.7,2.4,2,2.06,500,450,200,500,500,430
knp_satara_out,Combretum imberbe,t,>2,si,sst,sst,sss,mst,mst,sst,h,l,h,h,eh,h,2.6,2.3,1.8,4,3.7,2.88,1.5,1.7,0.8,1.7,1.5,1.44,228,155,110,500,400,278.6
knp_satara_in,Combretum imberbe,s,>2,si,sss,mss,mss,mss,mst,mss,h,h,h,m,h,l,2.9,2.5,3,2.8,3,2.84,1.3,1,1.4,1.3,1.8,1.36,240,180,230,170,400,244
pnr_in,Commelina africana,f,n,si,crf,,,,,crf,l,,,,,l,11.6,,,,,11.6,2,,,,,2,13,,,,,13
addo_nyathi_full_out,Commelina africana,f,n,si,mf,mf,mf,mf,mf,mf,l,l,l,l,l,l,6.4,5.2,6.5,2.5,5,5.12,1.6,1.6,1.4,1.7,1.4,1.54,45,30,19,22,34,30
addo_jack_out,Commelina africana,f,n,si,sf,sf,sf,crf,sf,sf,l,l,l,l,l,l,3.5,3.5,5,8.9,5.1,5.2,0.7,0.8,1.1,1.3,1.3,1.04,9,6,8,10.3,6.5,7.96
addo_nyathi_full_in,Commelina africana,f,n,si,sf,sf,sf,sf,sf,sf,l,l,l,l,l,l,4,4,2.5,3,4.5,3.6,1.5,1.2,1.5,1,1.1,1.26,30,12,8,20,18,17.6
pnr_out,Commelina africana,f,n,si,sf,,,,,sf,m,,,,,m,6.5,,,,,6.5,1.6,,,,,1.6,21,,,,,21
addo_jack_in,Commelina benghalensis,f,n,si,crf,crf,,,,crf,m,l,,,,l,4.2,4.7,,,,4.45,2.4,2.7,,,,2.55,12.5,7,,,,9.75
addo_nyathi_full_in,Commelina benghalensis,f,n,si,crf,crf,crf,crf,crf,crf,l,l,l,l,l,l,3,3.5,3,3,3,3.1,1.2,1.5,1.7,1.5,1.3,1.44,18,20,23,18,27,21.2
addo_jack_out,Commelina benghalensis,f,n,si,crf,crf,crf,crf,crf,crf,m,m,m,m,m,m,4,3.5,4,4,4.5,4,2.5,2.5,3,2.6,2.9,2.7,11,9,10,6,12,9.6
knp_nkuhlu_full_out,Commelina benghalensis,f,n,si,sf,,,,,sf,m,,,,,m,6.7,,,,,6.7,3.2,,,,,3.2,22,,,,,22
pnr_in,Commelina erecta,f,n,si,mf,mf,,,,mf,l,l,,,,l,11,9.2,,,,10.1,1.8,1.8,,,,1.8,51,52,,,,51.5
knp_roan_in,Commelina erecta,f,n,si,sf,sf,sf,sf,sf,sf,l,l,l,l,l,l,7.5,8.5,10,12,9.5,9.5,1.5,1.5,1.6,1.5,1.1,1.44,53,72,55,60,90,66
knp_nkuhlu_full_in,Commiphora africana,s,n,si,mss,,,,,mss,h,,,,,h,2.4,,,,,2.4,1.7,,,,,1.7,90,,,,,90
knp_satara_in,Commiphora pyracanthoides,t,>2,si,mst,mst,,,,mst,m,m,,,,m,2.4,5.1,,,,3.75,1.8,2.2,,,,2,271,410,,,,340.5
knp_roan_out,Corbichonia decumbens,f,n,si,rf,sf,rf,rf,,rf,l,l,l,l,,l,3,3,2,3,,2.75,2,2.5,1.5,2.4,,2.1,12,15,20,8,,13.75
knp_nkuhlu_full_out,Corchorus confusus,f,n,si,rf,sf,sf,rf,sf,sf,l,l,l,l,l,l,3,1.8,3.5,2.6,2.9,2.76,1,0.5,1,0.4,0.7,0.72,17,14,18,8,12,13.8
knp_roan_out,Corchorus confusus,f,n,si,sf,sf,sf,sf,sf,sf,l,l,l,l,l,l,4.5,4.5,6.5,6,5,5.3,0.7,0.6,1,1,0.9,0.84,50,30,50,45,37,42.4
pnr_out,Cordia monoica,t,n,si,mst,,,,,mst,h,,,,,h,6,,,,,6,3,,,,,3,350,,,,,350
knp_roan_out,Cordylostigma virgatum,f,n,si,sf,sf,,,,sf,l,l,,,,l,3.5,4,,,,3.75,0.8,0.6,,,,0.7,30,33,,,,31.5
knp_satara_out,Cordylostigma virgatum,f,n,si,sf,sf,sf,sf,,sf,l,l,l,l,,l,3.2,4.4,4.4,4.5,,4.125,0.3,0.2,0.3,0.2,,0.25,11,40,2.5,2.6,,14.025
knp_nkuhlu_full_in,Cordylostigma virgatum,f,n,si,sf,rf,rf,rf,rf,rf,m,l,m,m,m,m,1.7,2.6,2.7,3,2.4,2.48,0.4,0.5,0.6,0.6,0.5,0.52,21,16,20,28,22,21.4
knp_nkuhlu_full_out,Cordylostigma virgatum,f,n,si,rf,rf,rf,rf,rf,rf,m,m,m,l,l,m,3,2.4,2.9,1.6,1.5,2.28,0.5,0.6,0.5,0.4,0.3,0.46,18,21,20,38,35,26.4
addo_nyathi_full_in,Cotyledon velutina,f,n,si,susf,susf,susf,susf,susf,susf,h,h,h,m,m,h,6.8,4.6,7.7,11,8.6,7.74,3.3,3.5,3.7,5.5,4.5,4.1,33,15,32,80,68,45.6
addo_jack_in,Cotyledon velutina,s,n,si,sss,sss,sss,sss,sss,sss,l,l,l,l,l,l,4.6,9.3,10,9,7,7.98,3.5,4,5.3,4.4,3.5,4.14,210,110,133,150,142,149
knp_nkuhlu_full_out,Crabbea hirsuta,f,n,si,cuf,cuf,,,,cuf,h,h,,,,h,12,5.5,,,,8.75,3.5,2.5,,,,3,12,3,,,,7.5
knp_nkuhlu_full_in,Crabbea hirsuta,f,n,si,rf,rf,rf,rf,rf,rf,h,h,h,h,h,h,15.5,9.2,8.6,7.5,6.6,9.48,3.7,3,2.3,2.5,2.2,2.74,23,7,7.5,6.5,4.8,9.76
addo_nyathi_full_in,Crassula cultrata,f,n,si,sumf,sumf,sumf,sumf,sumf,sumf,m,h,h,h,h,h,3.8,4.8,4.3,4,4.4,4.26,1.6,1.5,1.6,1.5,1.5,1.54,18,26,20,13,28,21
addo_jack_in,Crassula cultrata,s,n,si,surf,surf,surf,surf,surf,surf,h,h,m,h,m,h,4.5,4.3,4,4,3.5,4.06,1.4,1,1,0.8,1.3,1.1,14,9,8,12,8,10.2
addo_jack_out,Crassula cultrata,f,n,si,sucuf,susf,susf,susf,susf,susf,h,m,m,m,m,m,3,3.6,4.2,4.5,3.2,3.7,0.6,1.3,1,1,0.8,0.94,16,26,31,34,30,27.4
addo_jack_out,Crassula expansa,f,n,si,surf,,,,,surf,h,,,,,h,0.5,,,,,0.5,0.2,,,,,0.2,12,,,,,12
addo_nyathi_full_out,Crassula expansa,f,n,si,surf,surf,surf,surf,surf,surf,m,m,m,m,m,m,0.8,0.6,0.7,1,1,0.82,0.2,0.1,0.1,0.1,0.1,0.12,7,3,2.5,4,2,3.7
addo_jack_out,Crassula ovata,s,n,si,sss,sss,sss,sss,sss,sss,h,h,h,h,h,h,4.2,4.2,5.3,5.5,4,4.64,2.1,2,2.6,2.7,2,2.28,30,38,44,64,47,44.6
addo_jack_in,Crassula ovata,s,n,si,susss,susss,susss,susss,susss,susss,m,m,m,m,h,m,3.2,4,3.5,4,3.5,3.64,2.5,2.5,2.4,2.5,2.5,2.48,85,196,14,36,120,90.2
addo_nyathi_full_out,Crassula perforata,f,n,si,sumf,sumf,sumf,sumf,sumf,sumf,m,m,m,m,m,m,3,3,2.8,1.8,3.6,2.84,1,1.2,1.3,1.2,1.3,1.2,77,87,92,94,92,88.4
addo_jack_in,Crassula pubescens,f,n,si,surf,surf,surf,surf,surf,surf,m,m,h,m,m,m,4,2.6,4.5,3,3.5,3.52,1,0.9,1.4,1,1.2,1.1,6,6,14,13,14,10.6
addo_nyathi_full_in,Crassula spathulata,f,n,si,sumf,sumf,susf,susf,sumf,sumf,l,l,l,l,l,l,1.5,2,1.5,1.4,2,1.68,1.5,2,1.6,1.2,2.1,1.68,13,3,8,15,14,10.6
addo_jack_out,Crassula spathulata,f,n,si,sucuf,susf,susf,susf,susf,susf,m,m,l,l,l,l,1.9,1.6,1.5,1.3,1.5,1.56,1.8,1.5,1.4,1.5,2,1.64,25,40,24,17,22,25.6
addo_nyathi_full_out,Crassula spathulata,f,n,si,sumf,sumf,sumf,sumf,sumf,sumf,m,m,m,m,m,m,1.3,1.4,1.5,2.3,2.5,1.8,2.1,1.2,1.5,1.4,2.2,1.68,38,40,35,20,56,37.8
addo_nyathi_full_in,Crassula tetragona,f,n,si,surf,surf,sucrf,sucrf,sucrf,sucrf,m,m,h,m,h,m,1,1.2,1.5,1.3,1,1.2,0.1,0.3,0.2,0.1,0.1,0.16,4,0.9,2,7,4,3.58
pnr_out,Crossandra greenstockii,f,n,si,cuf,cuf,,,,cuf,h,h,,,,h,6,7.5,,,,6.75,3.1,4,,,,3.55,6,2,,,,4
knp_roan_in,Cup leaf,f,n,si,sf,sf,sf,sf,sf,sf,l,l,l,l,l,l,2.5,2,4,2,2.4,2.58,2,1,2,0.9,1.5,1.48,30,12,35,36,30,28.6
knp_roan_out,Cup leaf,f,n,si,sf,sf,sf,sf,sf,sf,m,l,m,l,m,m,5,2.4,3,3,3,3.28,2.6,1.6,2,1,1.5,1.74,48,27,26,20,30,30.2
addo_nyathi_full_in,Cynanchum ellipticum,f,n,si,crf,clf,clf,,,clf,l,l,l,,,l,3,3.5,3.1,,,3.2,1.4,1.6,1.8,,,1.6,3,136,2,,,47
addo_nyathi_full_out,Cynanchum ellipticum,f,n,si,crf,clf,clf,clf,clf,clf,l,l,l,l,l,l,3,2.6,3,2.7,3.3,2.92,1.5,1.5,2.2,1.4,2.4,1.8,7,122,138,82,131,96
addo_nyathi_full_out,Delosperma subincanum,f,n,si,sucrf,sucrf,sumf,sumf,sumf,sumf,l,l,m,m,m,m,2.9,2.7,2.6,2.1,2.5,2.56,1,0.9,0.6,0.5,0.6,0.72,11,16,27,20,15,17.8
knp_satara_in,Dichrostachys cinerea,s,>2,si,mss,sss,mss,mss,,mss,l,m,m,m,,m,2.6,5,4,3.5,,3.775,2.3,4,3,3,,3.075,82,103,86,190,,115.25
knp_satara_in,Digitaria eriantha,g,n,si,at,at,sg,rt,rt,rt,m,m,l,l,l,l,39,35,14,40,58,37.2,0.7,1,0.6,0.4,0.5,0.64,53,54,40,24,31,40.4
knp_satara_out,Dovyalis zeyheri,s,<2,si,mss,,,,,mss,h,,,,,h,7,,,,,7,3.2,,,,,3.2,130,,,,,130
addo_jack_out,Drosanthemum hispidum,f,n,si,surf,surf,surf,surf,surf,surf,h,h,m,h,h,h,1.4,2,1.5,1.1,1.5,1.5,0.3,0.3,0.2,1.3,0.4,0.5,9,13,30,5,10,13.4
addo_nyathi_full_out,Drosanthemum hispidum,f,n,si,surf,surf,surf,surf,surf,surf,h,m,h,h,h,h,1.8,2,2.1,1.9,1.6,1.88,0.2,0.2,0.3,0.5,0.1,0.26,10,15,16,18,12,14.2
knp_roan_in,Ehretia amoena,s,n,si,mss,,,,,mss,l,,,,,l,9,,,,,9,2.6,,,,,2.6,60,,,,,60
knp_satara_in,Ehretia amoena,s,n,si,mss,,,,,mss,l,,,,,l,5.3,,,,,5.3,2.1,,,,,2.1,114,,,,,114
pnr_in,Ehretia rigida,s,n,si,mss,mss,sss,sss,mss,mss,h,h,l,l,h,h,5,5.6,4.6,2.9,3,4.22,2.3,2.2,1.5,1.5,1.2,1.74,210,240,165,152,130,179.4
addo_nyathi_full_out,Ehretia rigida,t,n,si,mst,,,,,mst,h,,,,,h,2,,,,,2,1.6,,,,,1.6,320,,,,,320
pnr_out,Ehretia rigida,s,n,si,sss,sss,sss,sss,,sss,l,l,l,l,,l,7.2,7,3.6,2,,4.95,3.2,4,1.8,1.5,,2.625,127,125,73,85,,102.5
knp_roan_out,Eragrostis superba,g,n,si,sg,sg,sg,sg,sg,sg,l,l,l,l,l,l,13,11,14,17,14.5,13.9,0.5,0.3,0.5,0.5,0.6,0.48,50,51,35,40,60,47.2
knp_satara_in,Eriosema sp. 1,f,n,si,crf,clf,clf,sf,clf,clf,m,m,m,m,l,m,7,8.5,8.5,13,12,9.8,10,6,8,13,12,9.8,10,25,23,190,5,50.6
knp_nkuhlu_full_out,Euclea divinorum,s,n,si,mss,mss,,,,mss,eh,eh,,,,eh,6.5,6.5,,,,6.5,1.2,1.7,,,,1.45,180,160,,,,170
pnr_in,Euclea divinorum,s,n,si,sss,sss,sss,,,sss,l,l,l,,,l,9.1,9.5,9.1,,,9.233333333,3.7,5,4,,,4.233333333,90,84,125,,,99.66666667
knp_satara_in,Euclea divinorum,s,n,si,sss,,,,,sss,m,,,,,m,3,,,,,3,1.5,,,,,1.5,200,,,,,200
addo_jack_in,Euclea undulata,t,n,si,mss,mst,mst,mst,mst,mst,m,h,h,m,h,h,2.2,2.1,2,2,1.5,1.96,0.7,0.7,0.9,1.1,0.9,0.86,295,296,420,275,245,306.2
addo_jack_out,Euclea undulata,t,n,si,mst,mst,mst,mst,sss,mst,h,m,m,m,m,m,2.2,2,2,2,2.3,2.1,1,1.5,1.5,0.6,1,1.12,310,340,315,350,150,293
addo_nyathi_full_in,Euphorbia mauritanica,f,n,si,surf,,,,,surf,h,,,,,h,0.6,,,,,0.6,0.2,,,,,0.2,161,,,,,161
knp_nkuhlu_full_in,Evolvulus alsinoides,f,n,si,sf,sf,sf,sf,sf,sf,l,l,l,l,l,l,1.9,1.1,2,2,1.7,1.74,0.7,0.3,0.6,0.7,0.5,0.56,3.8,9,25,9,20,13.36
knp_nkuhlu_full_out,Evolvulus alsinoides,f,n,si,rf,rf,sf,sf,sf,sf,l,l,l,l,l,l,0.8,1.2,1,1.1,1.3,1.08,0.5,0.5,0.6,0.4,0.5,0.5,2.5,16,21,20,33,18.5
knp_satara_in,Evolvulus alsinoides,f,n,si,sf,,,,,sf,l,,,,,l,1.2,,,,,1.2,0.5,,,,,0.5,6,,,,,6
knp_satara_out,Evolvulus alsinoides,f,n,si,sf,sf,sf,,,sf,l,l,l,,,l,1.3,1.2,1.9,,,1.466666667,0.2,0.6,0.7,,,0.5,13,6,31,,,16.66666667
knp_roan_in,Evolvulus sericeus,f,n,si,mf,sf,sf,sf,sf,sf,l,l,l,l,l,l,1.5,2,1.5,2.1,2.5,1.92,0.7,1,0.8,0.9,1,0.88,30,25,10,30,20,23
knp_roan_out,Evolvulus sericeus,f,n,si,sf,sf,rf,,,sf,l,l,l,,,l,0.8,1,1,,,0.9333333333,0.3,0.3,0.2,,,0.2666666667,30,14,25,,,23
pnr_out,Evolvulus sericeus,f,n,si,sf,sf,,,,sf,l,l,,,,l,2,2.2,,,,2.1,1,1.1,,,,1.05,30,25,,,,27.5
addo_nyathi_full_in,Flueggea verrucosa,s,n,si,mss,mss,mss,mss,mss,mss,h,h,m,h,m,h,0.8,1.5,1.6,1.5,1.9,1.46,0.7,1,1,0.9,1.4,1,200,154,214,188,185,188.2
knp_nkuhlu_full_out,Flueggea virosa,s,n,si,mss,mss,mss,,,mss,m,h,h,,,h,2.2,2.2,2,,,2.133333333,1.4,1.4,1.8,,,1.533333333,94,113,83,,,96.66666667
knp_roan_out,Flueggea virosa,s,>2,si,mss,,,,,mss,h,,,,,h,1.7,,,,,1.7,1,,,,,1,110,,,,,110
knp_satara_in,Flueggea virosa,s,<2,si,mss,mss,mss,,,mss,l,m,l,,,l,1.7,3,1.5,,,2.066666667,1,1.5,1.1,,,1.2,137,125,110,,,124
knp_satara_out,Flueggea virosa,s,n,si,mss,sss,sss,sss,sss,sss,m,m,m,l,eh,m,1.6,1.6,1.8,1,2.5,1.7,1,0.8,1,0.7,1.5,1,101,93,100,140,90,104.8
pnr_out,Gardenia volkensii,s,n,si,sss,sss,,,,sss,h,h,,,,h,3,3.3,,,,3.15,1,1.5,,,,1.25,84,12,,,,48
knp_nkuhlu_full_in,Grewia bicolor,s,n,si,mss,mss,mss,mss,mst,mss,h,eh,h,h,l,h,7.5,5,7.2,6.8,4.2,6.14,3.5,1.8,2.3,2.1,2,2.34,195,190,210,210,220,205
pnr_out,Grewia bicolor,s,n,si,sss,,,,,sss,l,,,,,l,8,,,,,8,5.5,,,,,5.5,110,,,,,110
knp_satara_out,Grewia bicolor,s,n,si,mss,mss,,,,mss,m,m,,,,m,7.9,7,,,,7.45,3.5,3,,,,3.25,140,93,,,,116.5
knp_nkuhlu_full_in,Grewia flava,s,n,si,mss,,,,,mss,m,,,,,m,4.5,,,,,4.5,2,,,,,2,120,,,,,120
knp_nkuhlu_full_in,Grewia flavescens,t,n,si,mss,mss,mss,mss,mss,mss,h,h,h,h,h,h,7,4.3,7.8,8,6.5,6.72,2.7,1.8,3.4,3.5,3,2.88,250,225,137,190,150,190.4
knp_nkuhlu_full_out,Grewia flavescens,s,n,si,mss,mss,mss,,,mss,l,m,m,,,m,3.5,4.3,8.4,,,5.4,1.9,2,3.4,,,2.433333333,63,41,50,,,51.33333333
pnr_out,Grewia occidentalis,s,n,si,mss,,,,,mss,eh,,,,,eh,4,,,,,4,2.5,,,,,2.5,220,,,,,220
addo_nyathi_full_in,Grewia occidentalis,s,n,si,mss,mss,mss,mss,mss,mss,l,h,l,m,l,l,2.5,3,2.2,2.9,2.8,2.68,1.5,1.6,1,1.7,1.5,1.46,130,250,95,149,120,148.8
addo_nyathi_full_out,Grewia occidentalis,s,n,si,mss,sss,mss,,,mss,l,l,l,,,l,4.5,4.5,5,4.5,3.5,4.4,3,3.2,3.2,3.2,2.5,3.02,85,18,85,,,62.66666667
knp_nkuhlu_full_in,Grewia villosa,s,n,si,sss,,,,,sss,l,,,,,l,10,,,,,10,9,,,,,9,185,,,,,185
addo_jack_in,Gymnosporia buxifolia,s,>2,si,mss,sss,sss,mss,mss,mss,l,m,l,h,h,l,4.2,4.5,6.2,5.9,6.3,5.42,1,1.5,0.9,1,1.1,1.1,52,64,136,197,163,122.4
addo_nyathi_full_in,Gymnosporia buxifolia,s,>2,si,mss,sss,,,,mss,m,m,,,,m,4,4.3,3.5,4.5,2.5,3.76,2,1.5,1.5,1.8,1,1.56,266,90,,,,178
addo_nyathi_full_out,Gymnosporia buxifolia,s,>2,si,sss,sss,sss,sss,mss,sss,m,h,h,m,m,m,4.5,3,2.5,4.6,3,3.52,0.7,0.6,0.6,1,0.9,0.76,140,51,54,115,230,118
knp_nkuhlu_full_in,Gymnosporia maranguensis,t,>2,si,sst,mst,,,,mst,m,eh,,,,h,1.7,3.2,,,,2.45,0.6,1.3,,,,0.95,210,215,,,,212.5
addo_nyathi_full_out,Gymnosporia polyacanthus,s,>2,si,mss,mss,mss,mss,mss,mss,eh,eh,eh,eh,eh,eh,3,2.7,2.7,2.7,3,2.82,0.8,0.8,0.6,0.7,0.6,0.7,156,161,161,207,143,165.6
addo_jack_in,Gymnosporia polyacanthus,s,>2,si,sss,mss,sss,sss,mss,sss,eh,eh,eh,l,h,eh,3.5,4,4,5.2,3.5,4.04,1,1,0.8,1.2,0.6,0.92,26,167,44,164,156,111.4
addo_nyathi_full_in,Gymnosporia polyacanthus,s,>2,si,sss,sss,sss,sss,sss,sss,l,l,l,l,l,l,4.3,5,3.5,4,5,4.36,1,1,0.7,1,1.4,1.02,164,156,120,170,111,144.2
addo_jack_out,Gymnosporia polyacanthus,s,>2,si,sss,sss,mss,sss,sss,sss,m,m,l,m,m,m,3.5,3.9,2.5,3.5,4.2,3.52,0.7,1,1,0.9,1.2,0.96,66,73.5,70,47,45,60.3
knp_satara_in,Gymnosporia senegalensis,s,>2,si,mss,mss,sss,mss,mss,mss,h,m,m,eh,eh,eh,5,4.5,4.5,6,5.4,5.08,3.2,1.9,2.5,2,2.3,2.38,190,220,130,250,268,211.6
knp_roan_in,Gymnosporia senegalensis,s,n,si,sss,mss,sss,,,sss,m,m,l,,,m,7.7,6,7.6,,,7.1,2.6,2.2,2.6,,,2.466666667,56,63,35,,,51.33333333
knp_roan_out,Hairy climber,f,n,si,clf,clf,clf,clf,clf,clf,l,l,l,l,l,l,6,5,7.2,7.5,8,6.74,2.5,2.5,2.6,3.8,3.5,2.98,50,70,41,105,80,69.2
knp_nkuhlu_full_out,Heliotropium ciliatum,f,n,si,sf,sf,sf,sf,sf,sf,l,l,l,l,l,l,3.2,2.6,2.5,2.3,3,2.72,0.7,0.6,0.8,0.5,0.6,0.64,78,58,50,74,71,66.2
knp_roan_out,Heliotropium steudneri,f,n,si,mf,rf,rf,rf,sf,rf,h,h,h,h,m,h,3.6,3.7,4.2,5,5.5,4.4,0.6,0.4,0.8,1,1,0.76,35,40,40,50,48,42.6
knp_satara_in,Heliotropium steudneri,f,n,si,sf,sf,mf,mf,mf,mf,l,l,l,m,l,l,4.8,3.6,3,2.1,2.9,3.28,0.8,0.6,0.6,0.6,0.6,0.64,43,30,38,24,55,38
knp_satara_out,Heliotropium steudneri,f,n,si,sf,sf,rf,rf,sf,sf,l,l,l,m,l,l,4.5,3.5,1.6,1.2,3.2,2.8,0.6,0.7,0.4,0.3,0.5,0.5,30,31,35,55,49,40
pnr_out,Heliotropium steudneri,f,n,si,sf,sf,sf,sf,sf,sf,l,l,l,l,l,l,3.2,3,3,4.5,5.5,3.84,0.8,0.6,1.1,0.7,1.2,0.88,20,11,18,67,20,27.2
knp_roan_out,Heliotropium strigosum,f,n,si,mf,,,,,mf,m,,,,,m,3,,,,,3,0.5,,,,,0.5,23,,,,,23
addo_nyathi_full_out,Hermannia althaeoides,f,n,si,mf,mf,rf,rf,rf,rf,l,l,l,l,l,l,1.6,2.6,2.1,3.6,2.3,2.44,1,1.5,1.9,1.9,1.2,1.5,41,19,29,17,14,24
knp_nkuhlu_full_in,Hermbstaedtia odorata,f,n,si,mf,mf,mf,,,mf,l,l,l,,,l,3,3.1,4,,,3.366666667,0.9,0.6,1.2,,,0.9,30,35,37,,,34
knp_nkuhlu_full_out,Hermbstaedtia odorata,f,n,si,sf,sf,sf,sf,sf,sf,l,l,l,l,l,l,4.5,2.1,2.5,2.5,2.4,2.8,0.4,0.3,0.4,0.3,0.2,0.32,16,30,42,27,38,30.6
knp_nkuhlu_full_out,Hibiscus micranthus,f,n,si,sf,sf,sf,sf,sf,sf,l,l,l,l,l,l,2.5,7.5,2,4.4,4.5,4.18,1.2,1.5,1.4,2.5,2.4,1.8,80,51,60,57,38,57.2
knp_satara_out,Hibiscus micranthus,f,n,si,sf,sf,sf,sf,sf,sf,l,m,l,l,m,l,3.4,2.5,4.4,3.4,4.4,3.62,1.7,1,2,1.5,2.2,1.68,23,62,79,55,44,52.6
knp_satara_in,Hibiscus micranthus,f,n,si,rf,rf,rf,rf,sf,rf,l,m,l,m,m,m,1.4,4.7,3,2.4,2.6,2.82,1.2,2.9,1.6,1.3,1.8,1.76,11,91,83,75,83,68.6
knp_nkuhlu_full_in,Hibiscus micranthus,f,n,si,sf,sf,sf,sf,sf,sf,m,l,m,m,m,m,3.5,3,3.5,2.5,2.9,3.08,2.6,2.1,2.8,2.6,1.9,2.4,62,30,50,50,53.5,49.1
knp_satara_out,Hibiscus sidiformis,f,n,si,rf,rf,sf,sf,sf,sf,m,m,m,m,l,m,3.5,3.6,3.6,3,2.9,3.32,2.6,3.3,3.5,3.2,3.1,3.14,28,24,43,63,39,39.4
knp_nkuhlu_full_out,Hibiscus vitifolius,f,n,si,sf,sf,,,,sf,l,l,,,,l,4.1,7.4,,,,5.75,3.3,4.1,,,,3.7,18.3,36,,,,27.15
knp_nkuhlu_full_in,Hibiscus vitifolius,f,n,si,sf,sf,sf,,,sf,m,l,m,,,m,4.1,7.5,1.5,,,4.366666667,4,6.1,8.3,,,6.133333333,18,66,134,,,72.66666667
addo_nyathi_full_out,Hypoestes aristata,f,n,si,rf,rf,rf,rf,sf,rf,l,l,l,l,l,l,2,1.6,2.4,1.9,1.5,1.88,1.5,1.4,1.2,1.5,1.3,1.38,41,55,53,90,44,56.6
addo_nyathi_full_out,Hypoestes aristata,f,n,si,sf,mf,rf,rf,rf,rf,l,l,m,m,m,m,4.7,5.3,4.5,3,4,4.3,2,2.5,2.5,2,2,2.2,20,28,34,32,28,28.4
addo_nyathi_full_in,Hypoestes aristata,f,n,si,sf,sf,sf,sf,sf,sf,m,m,m,m,l,m,3.5,5.9,5.9,4.4,4,4.74,2,2.5,2.5,1.8,1.8,2.12,24,21,23,29,26,24.6
addo_nyathi_full_in,Hypoestes forskaolii,f,n,si,sf,mf,,,,sf,l,l,,,,l,2.4,1.7,,,,2.05,1.6,1.4,,,,1.5,30,6.5,,,,18.25
knp_roan_out,Indigofera holubii,f,n,si,rf,sf,sf,rf,rf,rf,m,l,l,m,m,m,6.5,5.5,1.2,5.5,7.5,5.24,5,3,5,4,4,4.2,70,47,38,45,50,50
knp_nkuhlu_full_out,Ipomoea plebeia,f,n,si,clf,clf,,,,clf,l,l,,,,l,9.7,4,,,,6.85,3.9,2.1,,,,3,32.5,56,,,,44.25
knp_satara_in,Ipomoea plebeia,f,n,si,clf,clf,,,,clf,l,l,,,,l,2.6,2.5,,,,2.55,2.3,2.2,,,,2.25,16,22,,,,19
knp_satara_out,Ipomoea plebeia,f,n,si,sf,clf,rf,rf,rf,rf,l,l,l,l,l,l,3.1,3.8,2,2,2.3,2.64,2.1,2,1.8,1.5,1.6,1.8,20,20,10,65,7,24.4
knp_satara_out,Ipomoea sinensis,f,n,si,cuf,cuf,clf,,,cuf,m,l,l,,,l,4.7,3.5,2.5,,,3.566666667,4.1,2.5,3,,,3.2,17,10,27,,,18
pnr_out,Ipomoea sinensis,f,n,si,crf,crf,clf,crf,clf,crf,m,m,m,h,m,m,5,3.7,3.5,4,4.1,4.06,4.2,2.7,2.5,3.1,3,3.1,8,5,45,11,41,22
knp_roan_in,Jasminum stenolobum,s,n,si,sss,mss,mss,mss,mss,mss,m,m,m,eh,m,m,5,4.2,4.5,4.2,5.1,4.6,1.5,1.1,0.8,1.4,1.2,1.2,90,67,63,105,45,74
addo_nyathi_full_in,Jatropha capensis,s,n,si,mss,mss,sss,sss,sss,sss,l,l,l,l,l,l,5.2,7,6.4,4.7,5.5,5.76,1.6,2,1.9,1.2,1.8,1.7,52,62,54,42,120,66
knp_nkuhlu_full_out,Justicia flava,f,n,si,sf,sf,sf,sf,sf,sf,m,l,m,m,l,m,6.5,5,5.3,4.5,4.5,,2.7,1.4,1.6,2,2.5,,20,28,15,20,23.5,21.3
pnr_out,Justicia flava,f,n,si,sf,sf,sf,sf,sf,sf,m,l,l,m,m,m,6.7,6,7,5.5,6,6.24,2.1,1.5,3,1.4,2,2,52,31,44,50,39,43.2
pnr_in,Justicia protracta,f,n,si,sf,mf,mf,,,mf,l,l,l,,,l,3.1,1.2,2.9,,,2.4,1.8,0.8,1.8,,,1.466666667,35,7,8,,,16.66666667
pnr_out,Justicia protracta,f,n,si,sf,sf,sf,sf,sf,sf,l,l,l,l,l,l,4.4,3.5,5,4.5,6,4.68,2,1.9,3.2,2.3,4,2.68,16,36,32,31,38,30.6
knp_nkuhlu_full_out,Kyphocarpa angustifolia,f,n,si,sf,sf,sf,,,sf,l,l,l,,,l,4,2.3,5.5,,,3.933333333,0.2,0.4,0.2,,,0.2666666667,44,35,30,,,36.33333333
knp_satara_in,Lannea schweinfurthii,t,n,si,sst,sst,sss,sss,,sss,m,h,l,h,,h,12,17,11.8,19,,14.95,5,9,9.5,8.5,,8,190,350,42,91,,168.25
pnr_in,Lantana camara,s,n,si,mss,mss,mss,sss,mss,mss,eh,eh,eh,eh,eh,eh,7,7,8.4,7.5,7,7.38,5.2,4.4,5,3.8,3.4,4.36,150,145,171,250,270,197.2
pnr_out,Lantana camara,s,<2,si,mss,mss,mss,mss,mss,mss,eh,eh,eh,eh,eh,eh,5,6.5,6.6,5.7,6,5.96,3,4,4,3.1,4.7,3.76,2.5,96,110,151,124,96.7
pnr_in,Lantana rugosa,s,n,si,sss,mss,mss,,,mss,l,l,l,,,l,4.5,5,4.2,,,4.566666667,2.5,3,1.8,,,2.433333333,44,99,123,,,88.66666667
knp_satara_out,Lantana rugosa,f,n,si,sf,sf,sf,sf,sf,sf,l,l,m,m,l,l,3.6,4.8,3.9,4.3,3.5,4.02,1.6,2,2.3,1.6,1.9,1.88,35,67,29,47,63,48.2
knp_satara_in,Lantana rugosa,f,n,si,rf,rf,sf,sf,sf,sf,m,h,m,m,m,m,4.2,4.5,2.5,6,6,4.64,1.1,1.4,1.7,3,2.9,2.02,50,34,30,48,50,42.4
addo_jack_in,Lauridia tetragona,s,n,si,sss,sss,,,,sss,l,l,,,,l,4.8,5,,,,4.9,2.3,2.5,,,,2.4,28,34,,,,31
addo_nyathi_full_out,Lauridia tetragona,s,n,si,sss,sss,sss,,,sss,m,l,l,,,l,4,3.5,4,,,3.833333333,1.5,2,2,,,1.833333333,100,70,60,,,76.66666667
addo_jack_in,Ledebouria revoluta,f,n,si,cuf,cuf,cuf,cuf,cuf,cuf,h,h,h,h,h,h,2.5,3.5,3,2,3,2.8,1.7,2,1.5,1,1.6,1.56,1,1,0.5,0.3,1,0.76
addo_jack_out,Ledebouria revoluta,f,n,si,cuf,cuf,cuf,cuf,cuf,cuf,h,h,h,h,h,h,6.8,4.5,4.4,6.9,6,5.72,1.9,2.2,2.1,2.8,3.5,2.5,5,3,3.7,5.5,2.2,3.88
addo_nyathi_full_in,Ledebouria revoluta,f,n,si,surf,surf,surf,surf,surf,surf,h,h,eh,h,h,h,6.1,5.5,8.5,3.5,5,5.72,3,2.5,4,1.8,3,2.86,4,4.5,10,4,3.5,5.2
knp_nkuhlu_full_out,Leucas glabrata,f,n,si,sf,sf,sf,sf,,sf,l,l,l,l,,l,2.3,2.2,6.5,2,,3.25,1,0.9,0.4,1,,0.825,40,44,48,39,,42.75
knp_nkuhlu_full_in,Litogyne gariepina,f,n,si,sf,sf,,,,sf,m,m,,,,m,2.5,2.7,,,,2.6,1.7,0.5,,,,1.1,43,37,,,,40
knp_satara_in,Maerua parvifolia,s,n,si,sss,sss,mss,sss,sss,sss,l,l,l,l,l,l,0.7,0.7,1,1,0.7,0.82,0.5,0.4,0.5,0.4,0.4,0.44,22,44,64,40,64,46.8
knp_nkuhlu_full_in,Melhania acuminata,f,n,si,sf,sf,sf,sf,sf,sf,m,m,m,l,l,m,8.7,6.5,7.5,7.5,7.5,7.54,5.5,4,2.8,3,4,3.86,61,66,59,37,62,57
knp_nkuhlu_full_in,Melhania prostrata,f,n,si,sf,sf,sf,sf,sf,sf,l,l,l,l,l,l,2.8,9.1,6.6,8.1,9,7.12,2.5,1.8,1.9,1.7,1.5,1.88,50,63,40,70,55,55.6
knp_nkuhlu_full_out,Melhania prostrata,f,n,si,sf,sf,sf,,,sf,l,m,m,,,m,6,9,10.7,,,,1.1,2.2,3.4,,,,23,41,34,,,32.66666667
addo_jack_in,Mystroxylon aethiopicum,t,n,si,mst,sst,mss,sss,,,m,l,m,l,,m,1.9,2,3,3,,2.475,1.5,1.4,2.5,2.1,,1.875,210,95,84,91,,120
knp_nkuhlu_full_out,Ocimum filamentosum,f,n,si,sf,,,,,sf,l,,,,,l,3,,,,,3,1.2,,,,,1.2,90,,,,,90
knp_satara_out,Ocimum filamentosum,f,n,si,sf,sf,,,,sf,m,m,,,,m,3,3.7,,,,3.35,1.2,1.4,,,,1.3,45,30,,,,37.5
pnr_out,Ocimum obovatum,f,n,si,sf,sf,sf,sf,,sf,l,l,l,l,,l,4.3,3,3,3.2,,3.375,1.8,1.5,1.1,1,,1.35,23,27,20,32,,25.5
knp_satara_in,Ormocarpum trichocarpum,s,n,si,sss,sss,sss,,,sss,m,m,l,,,m,2.2,2.6,2.5,,,2.433333333,1.5,1.4,1.3,,,1.4,60,33,43,,,45.33333333
knp_roan_in,Ozoroa paniculosa,t,n,si,sst,mss,mss,mss,,mss,h,eh,h,h,,h,12.2,8.3,7,10.6,,9.525,4.2,2.9,3,2.9,,3.25,374,174,250,178,,244
knp_nkuhlu_full_in,Ozoroa sphaerocarpa,t,n,si,sst,mss,,,,sst,l,l,,,,l,9,8.2,,,,8.6,1.2,2,,,,1.6,190,100,,,,145
pnr_in,Pappea capensis,s,n,si,mss,sss,sss,sss,sss,sss,m,l,l,l,l,l,11.2,9.2,10.1,11.3,7.8,9.92,3.6,2.5,2.3,3.5,2.2,2.82,162,80,78,152,270,148.4
addo_jack_out,Pappea capensis,s,n,si,sss,sss,sss,sss,,sss,m,m,m,m,,m,4.6,4.3,5,5.5,,4.85,2,2.4,2.3,2,,2.175,28,33,100,46,,51.75
addo_nyathi_full_in,Pappea capensis,t,n,si,sss,sss,,,,sss,m,h,,,,,3.7,4.6,,,,4.15,1.6,1.3,,,,1.45,68,245,,,,156.5
knp_nkuhlu_full_out,Paramollugo nudicaulis,f,n,si,cuf,cuf,cuf,cuf,,cuf,m,m,l,m,,m,2.2,2.4,1.2,1,,1.7,1,1,0.9,0.3,,0.8,2,2,1,1,,1.5
knp_roan_out,Parapolydora fastigiata,f,n,si,sf,sf,sf,sf,,sf,l,l,m,l,,l,2.8,5.6,4,5.5,,4.475,0.3,0.6,2,0.5,,0.85,60,60,80,65,,66.25
knp_satara_out,Parapolydora fastigiata,f,n,si,sf,sf,sf,sf,sf,sf,l,l,m,l,l,l,8.2,5.9,6.1,5.2,11,7.28,0.8,0.6,0.9,0.5,0.9,0.74,66,44,50,60,54,54.8
knp_roan_in,Parapolydora fastigiata,f,n,si,sf,rf,rf,sf,sf,sf,m,l,l,m,m,m,7,6,7,4.2,10.8,7,1.1,0.5,0.7,0.6,1,0.78,40,60,50,60,70,56
knp_nkuhlu_full_out,Perotis patens,g,n,si,sg,sg,sg,,,sg,l,l,l,,,l,3,2.5,2.5,,,2.666666667,0.8,0.6,0.7,,,0.7,18,16,11,,,15
knp_nkuhlu_full_out,Philenoptera violacea,s,n,si,mss,mss,,,,mss,m,m,,,,m,9,10.5,,,,9.75,4.5,5.2,,,,4.85,70,58,,,,64
knp_roan_in,Phyllanthus asperulatus,f,n,si,sf,sf,sf,sf,sf,sf,l,l,l,m,m,l,1.3,2.1,1.6,2,1.8,1.76,0.5,0.9,0.8,1.1,0.7,0.8,52,50,43,58,60,52.6
knp_roan_out,Phyllanthus asperulatus,f,n,si,rf,sf,sf,sf,sf,sf,m,l,l,l,l,l,2,1.7,1.2,2,1.1,1.6,0.7,0.7,0.5,0.7,0.6,0.64,70,23,40,45,37,43
knp_nkuhlu_full_out,Phyllanthus maderaspatensis,f,n,si,sf,rf,,,,rf,l,l,,,,l,1.3,1.7,,,,1.5,0.2,0.2,,,,0.2,30,10,,,,20
knp_nkuhlu_full_in,Phyllanthus maderaspatensis,f,n,si,sf,rf,sf,sf,sf,sf,l,l,m,l,l,l,2.8,2.5,2,2,2.3,2.32,0.3,0.3,0.3,0.5,0.3,0.34,39,24,47,20,22,30.4
knp_nkuhlu_full_out,Phyllanthus maderaspatensis,f,n,si,sf,sf,,,,sf,l,l,,,,l,1.1,2.1,1.3,,,1.5,0.3,1.3,0.1,,,0.5666666667,30,45,43,,,39.33333333
knp_roan_in,Phyllanthus maderaspatensis,f,n,si,sf,sf,,,,sf,l,l,,,,l,2,2,,,,2,0.5,1,,,,0.75,30,25,,,,27.5
knp_roan_out,Pigea serrata,f,n,si,sf,sf,sf,sf,sf,sf,m,m,l,m,m,m,4.5,5,2.5,4.4,5.4,4.36,1,1,0.6,0.8,0.9,0.86,40,45,20,44,29,35.6
addo_jack_in,Plectranthus madagascariensis,f,n,si,rf,mf,mf,mf,mf,mf,h,l,h,h,h,h,4,2.9,4.6,3.5,2.1,3.42,4,2.7,4.5,3,2.1,3.26,18.3,13.4,37.5,50.3,45.5,33
addo_nyathi_full_out,Plumbago auriculata,f,n,si,rf,rf,rf,rf,rf,rf,h,h,h,h,h,h,6,5.5,6,6,4.5,5.6,2.3,2.3,2.5,2.5,2.6,2.44,63,90,45,67,80,69
addo_jack_out,Plumbago auriculata,f,n,si,sf,sf,sf,sf,sf,sf,m,h,h,h,h,h,4.5,5.5,5,8.5,4.5,5.6,1.8,1.7,1.6,2.6,1.6,1.86,29,38,34,34,37,34.4
knp_nkuhlu_full_out,Polygala sphenoptera,f,n,si,rf,rf,,,,rf,l,l,,,,l,3,1.7,,,,2.35,1.1,0.8,,,,0.95,20,17,,,,18.5
addo_jack_out,Portulacaria afra,s,n,si,mss,mss,sss,mss,mss,mss,h,eh,eh,eh,h,eh,1.5,2.5,2,2.3,2.1,2.08,0.8,1.5,1.3,2,1.5,1.42,250,260,226,268,310,262.8
addo_nyathi_full_in,Portulacaria afra,s,n,si,susss,susss,sumss,sumss,sumss,sumss,eh,eh,eh,eh,eh,eh,2,2,2.5,2,2,2.1,1.5,1.5,1,1.5,1.5,1.4,160,175,440,250,136,232.2
addo_nyathi_full_out,Portulacaria afra,s,n,si,sumss,sumss,sumss,sumss,sumss,sumss,eh,eh,eh,eh,eh,eh,0.9,0.9,1.5,1.6,1.6,1.3,1.1,1,1,1.2,0.9,1.04,150,378,362,300,117,261.4
addo_jack_in,Portulacaria afra,s,n,si,sumss,sumss,sumst,sumss,sumss,sumss,h,m,h,h,eh,h,2.5,2,2.4,2,3,2.38,1.4,1.3,1.4,1.3,2.5,1.58,260,163,450,268,338,295.8
knp_nkuhlu_full_out,Pristimera longipetiolata,s,n,si,sss,,,,,sss,l,,,,,l,9,,,,,9,2,,,,,2,90,,,,,90
knp_nkuhlu_full_out,Pupalia lappacea,f,n,si,sf,sf,sf,,,sf,l,l,l,,,l,3.8,5,5.4,,,4.733333333,2,2.5,2.5,,,2.333333333,34,40,46,,,40
pnr_in,Pupalia lappacea,f,n,si,sf,sf,sf,sf,sf,sf,l,l,l,l,l,l,5.5,7.4,10.6,8.2,7,7.74,2.6,3,5,3.1,3.8,3.5,17,22,30,46,27,28.4
addo_nyathi_full_in,Putterlickia pyracantha,s,>2,si,mss,mss,mss,sss,mss,mss,h,m,h,h,h,h,3.5,2.5,2.6,3,2.4,2.8,1.5,0.8,0.9,1.8,1.3,1.26,162,163,110,25,95,111
addo_jack_out,Putterlickia pyracantha,s,>2,si,mss,sss,sss,mss,,mss,l,l,l,m,,l,3.5,2.5,2.5,2.3,,2.7,2,1.8,0.9,0.6,,1.325,80,24,39,72,,53.75
addo_nyathi_full_out,Putterlickia pyracantha,s,>2,si,mss,mss,sss,mss,sss,mss,m,m,l,m,h,m,1.7,1.5,2,2.5,2.5,2.04,0.7,1.1,1.1,1.5,0.8,1.04,93,160,64,150,42,101.8
pnr_out,Putterlickia verrucosa,s,>2,si,sss,,,,,sss,m,,,,,m,2.5,,,,,2.5,2,,,,,2,210,,,,,210
knp_nkuhlu_full_in,Ruellia patula,f,n,si,rf,sf,rf,sf,rf,rf,m,m,m,l,m,m,3,3.5,3.4,3.2,2.9,3.2,2.1,2,1.6,1.5,1.4,1.72,22,41,16,25,17,24.2
knp_nkuhlu_full_out,Ruellia patula,f,n,si,sf,sf,,,,sf,m,m,,,,m,3.4,2.8,,,,3.1,2,1.7,,,,1.85,10,15,,,,12.5
pnr_out,Ruellia patula,f,n,si,sf,,,,,sf,m,,,,,m,3.1,,,,,3.1,2.4,,,,,2.4,31,,,,,31
addo_nyathi_full_in,Scutia myrtina,s,<2,si,mss,mss,mss,mss,mst,mss,m,l,l,l,m,l,3.5,3.2,2.3,3,3.5,3.1,2,2,1.2,2,1.5,1.74,180,270,220,140,250,212
addo_nyathi_full_out,Scutia myrtina,s,<2,si,mss,sss,,,,mss,l,h,,,,m,3,2.4,1,,,2.133333333,1.5,1.7,,,,1.6,102,33,,,,67.5
addo_nyathi_full_out,Selago corymbosa,f,n,si, rf,rf,rf,sf,sf,rf,l,l,l,m,l,l,1.2,1,1.6,1,0.8,1.12,0.1,0.1,0.1,0.1,0.1,0.1,26,14,13,20,22,19
addo_nyathi_full_in,Senecio angulatus,f,n,si,mf,mf,clf,,,mf,l,m,l,,,l,3.3,2.9,3.3,,,3.166666667,2.4,2.6,2.5,,,2.5,20,25,65,,,36.66666667
knp_satara_in,Senegalia nigrescens,s,<2,si,mss,sst,sss,sst,mst,sst,m,h,m,m,m,m,5,3,6,6.8,7,5.56,4,2.5,4,3,4,3.5,110,250,110,800,700,394
addo_jack_out,Sideroxylon inerme,t,n,si,mst,mst,mst,mst,mst,mst,h,m,eh,eh,eh,eh,5.3,6,6.4,6.5,6.5,6.14,2.5,2.7,2.3,2.9,2.4,2.56,232,260,274,266,450,296.4
addo_jack_in,Sideroxylon inerme,t,n,si,mss,mss,mss,mss,mss,mss,m,m,m,m,m,m,5.2,4,4.5,3.5,4.6,4.36,3.4,2.6,2,2,2,2.4,251,215,210,300,366,268.4
knp_roan_in,Soft leaf shrub,s,n,si,mss,mss,mss,sss,mss,mss,eh,h,eh,l,eh,eh,5.3,6.6,5.1,4.7,6.3,5.6,1.9,2.5,1.3,1.6,2.1,1.88,110,121,100,15,130,95.2
knp_roan_out,Soft leaf shrub,s,n,si,mss,mss,mss,mss,mss,mss,m,h,h,h,h,h,4.1,5.7,6.6,5.5,6,5.58,1.4,2,2.5,2,2.2,2.02,77,70,81,65,78,74.2
knp_nkuhlu_full_in,Solanum campylacanthum,f,n,si,sf,sf,,,,sf,m,m,,,,m,7,7.5,,,,7.25,2.5,2,,,,2.25,21,32,,,,26.5
knp_nkuhlu_full_out,Solanum campylacanthum,f,n,si,sf,sf,sf,sf,sf,sf,m,m,m,m,m,m,10,9,8.5,8.7,10.5,9.34,3,1.9,3,3.4,3.1,2.88,31,29,26,20,23,25.8
knp_roan_in,Solanum campylacanthum,f,n,si,sf,sf,sf,rf,rf,sf,m,m,l,h,h,m,10,14.6,8.5,13.5,14,12.12,4.5,4.2,2.5,3.4,3.5,3.62,36,35,46,64,80,52.2
knp_satara_in,Solanum campylacanthum,f,n,si,sf,sf,sf,sf,sf,sf,h,h,m,m,m,m,13.5,14.6,15,12,12,13.42,4,3.4,3.9,4.4,3.8,3.9,51,60,32,120,149,82.4
knp_satara_out,Solanum campylacanthum,f,n,si,sf,,,,,sf,m,,,,,m,6,,,,,6,1.8,,,,,1.8,13,,,,,13
pnr_out,Solanum campylacanthum,f,<2,si,sf,sf,sf,sf,sf,sf,m,m,m,m,m,m,22.3,12,15.5,20.3,15.1,17.04,6.9,4.5,6.4,6.7,4,5.7,55,70,101,70,89,77
pnr_in,Solanum campylacanthum,f,n,si,sf,sf,,,,sf,m,l,,,,,15,13,,,,14,4.5,5.5,,,,5,70,44,,,,57
knp_nkuhlu_full_out,Spirostachys africana,s,n,si,sss,sss,sss,sst,sst,sss,l,l,m,h,h,h,3.5,4.6,4.7,5,5,4.56,1,1.9,1.8,2,2,1.74,150,106,217,500,500,294.6
knp_roan_in,Stachytarpheta indica,f,n,si,sf,sf,,,,sf,l,l,,,,l,9.4,4.5,,,,6.95,2,1,,,,1.5,44,20,,,,32
knp_satara_in,Stachytarpheta indica,f,n,si,sf,sf,sf,sf,,sf,m,m,l,m,,m,9,7.4,7.6,7.2,,7.8,1.2,0.9,0.8,0.3,,0.8,50,27,29,50,,39
knp_nkuhlu_full_out,Strychnos madagascariensis,s,n,si,mss,mss,,,,mss,m,h,,,,m,2.5,2.5,,,,,1.1,1,,,,,26,23,,,,24.5
knp_nkuhlu_full_out,Syncolostemon bracteosus,f,n,si,rf,sf,rf,rf,rf,rf,h,h,h,h,h,h,5,4.3,3.4,3.5,3,3.84,0.8,1.8,0.9,1,0.8,1.06,20,23,24,15,17,19.8
knp_nkuhlu_full_in,Syncolostemon bracteosus,f,n,si,sf,sf,sf,sf,,sf,m,m,m,m,,m,4.8,4.5,7.5,6.2,,5.75,4.1,1.1,1.5,1.1,,1.95,17,26,33,22,,24.5
knp_nkuhlu_full_in,Talinum afrum,f,n,si,sf,,,,,sf,l,,,,,l,3.5,,,,,3.5,1,,,,,1,18,,,,,18
knp_roan_in,Talinum afrum,f,n,si,sf,,,,,sf,l,,,,,l,4.2,,,,,4.2,0.7,,,,,0.7,9.6,,,,,9.6
knp_roan_out,Talinum afrum,f,n,si,sf,sf,,,,sf,l,m,,,,l,1.5,3.6,,,,2.55,0.5,0.8,,,,0.65,20,14,,,,17
knp_satara_out,Talinum afrum,f,n,si,sf,sf,sf,,,sf,l,l,l,,,l,2,2.5,1.7,,,2.066666667,0.4,1,0.6,,,0.6666666667,20,15,8,,,14.33333333
knp_satara_in,Tephrosia purpurea,f,n,si,sf,mf,,,,mf,l,l,,,,l,5,6.4,,,,5.7,5.5,3.3,,,,4.4,42,10,,,,26
knp_nkuhlu_full_in,Thunbergia natalensis,f,n,si,rf,,,,,rf,m,,,,,m,4,,,,,4,4,,,,,4,21,,,,,21
knp_nkuhlu_full_out,Tragia dioica,f,n,si,clf,clf,clf,clf,,clf,l,l,l,l,,l,4.4,3.5,5.3,4.4,,4.4,1.1,1.1,2.5,1.8,,1.625,40,48,37,41,,41.5
knp_nkuhlu_full_in,Tragia dioica,f,n,si,clf,clf,,,,clf,l,l,,,,l,7,3.5,,,,5.25,3.5,1.8,,,,2.65,30,20,,,,25
knp_satara_in,Tragia dioica,f,n,si,clf,rf,rf,rf,rf,rf,m,m,l,m,m,m,3,3,4.3,5,4,3.86,2.1,1,1.6,2,1.6,1.66,40,36,36,51,44,41.4
pnr_out,Trimeria grandifolia,s,n,si,sf,,,,,sf,l,,,,,l,5.5,,,,,5.5,2.7,,,,,2.7,90,,,,,90
addo_jack_in,Viscum rotundifolia,f,n,si,p,p,p,p,p,p,l,l,l,m,m,l,1.1,0.9,1.1,0.7,1.2,1,1.3,0.6,1.1,0.9,0.6,0.9,21,11,17,27,27,20.6
pnr_in,Volkameria glabra,s,n,si,sss,sss,,,,sss,h,h,,,,h,5.3,6.4,,,,5.85,2.9,3,,,,2.95,150,145,,,,147.5
knp_nkuhlu_full_in,Waltheria indica,f,n,si,sf,sf,sf,sf,sf,sf,m,m,l,l,m,m,7,3,5,6.2,8.5,5.94,3.5,1.5,3.5,3.5,5,3.4,50,40,50,53,61,50.8
knp_nkuhlu_full_out,Waltheria indica,f,n,si,sf,sf,sf,sf,sf,sf,m,m,m,m,m,m,4.3,3.5,4.5,4.4,3.9,4.12,2.6,2,2,2.3,2.5,2.28,50,56,55,57,60,55.6